aggregate_nll,bag_size,bag_size_mean,best_epoch,best_val_loss,cancellation_heavy,classification,composite_count_nll,eps,equiv_forward_loss_difference,equiv_logit_gradient_difference,equiv_per_class_pmf_difference,equiv_scope,expected_aggregate_mae,family,gaussian_nll,hist_count_mae,instance_acc,instance_auc,lr,macro_f1,method,mode_aggregate_acc,mode_aggregate_mae,recommended_label,rounded_expected_acc,rounded_expected_mae,run_dir,seed,selection_metric,source,task,test_bags,test_expected_sum_mae,test_gaussian_nll,test_instance_acc,test_manifest_hash,test_rounded_sum_acc,train_bags,train_manifest_hash,val_bags
0.6899949908256531,,10,,,,,,,,,,,0.7244183421134949,scalar,,,0.9819095730781555,,,,FS-Conv,0.8460000157356262,0.6060000061988831,,0.7480000257492065,0.6990000009536743,,0,,runs/neurips_pilot_preleave_20260504_1619/digit_sum_n10_train1000_s0/mnist_digit_sum/conv/MNIST/20260504T163350Z_gpusystem_s0,digit_sum,,,,,,,1000,,
0.6958279609680176,,10,,,,,,,,,,,0.6711559891700745,scalar,,,0.9825108051300049,,,,FS-Conv,0.8450000286102295,0.609000027179718,,0.7870000004768372,0.6460000276565552,,1,,runs/neurips_pilot_preleave_20260504_1619/digit_sum_n10_train1000_s1/mnist_digit_sum/conv/MNIST/20260504T172126Z_gpusystem_s1,digit_sum,,,,,,,1000,,
0.6252474784851074,,10,,,,,,,,,,,0.7161750197410583,scalar,,,0.982313334941864,,,,FS-Conv,0.8479999899864197,0.6209999918937683,,0.7319999933242798,0.6819999814033508,,2,,runs/neurips_pilot_preleave_20260504_1619/digit_sum_n10_train1000_s2/mnist_digit_sum/conv/MNIST/20260504T174455Z_gpusystem_s2,digit_sum,,,,,,,1000,,
0.24205371737480164,,10,,,True,,,,,,,,0.07401905953884125,scalar,,,0.9925628304481506,0.997819468128779,,,FS-Conv,0.9369999766349792,0.06400000303983688,,0.9390000104904175,0.06199999898672104,,0,,runs/neurips_pilot_preleave_20260504_1619/signed_cancel_n10_train1000_s0/signed_mnist/conv/MNIST/20260504T165706Z_gpusystem_s0,signed,,,,,,,1000,,
0.25611114501953125,,10,,,True,,,,,,,,0.08661296963691711,scalar,,,0.9920595288276672,0.997861758120355,,,FS-Conv,0.925000011920929,0.07599999755620956,,0.9240000247955322,0.07699999958276749,,1,,runs/neurips_pilot_preleave_20260504_1619/signed_cancel_n10_train1000_s1/signed_mnist/conv/MNIST/20260504T172126Z_gpusystem_s1,signed,,,,,,,1000,,
0.2988077402114868,,10,,,True,,,,,,,,0.07681947201490402,scalar,,,0.992262065410614,0.997718908466141,,,FS-Conv,0.9279999732971191,0.0729999989271164,,0.9300000071525574,0.07100000232458115,,2,,runs/neurips_pilot_preleave_20260504_1619/signed_cancel_n10_train1000_s2/signed_mnist/conv/MNIST/20260504T180841Z_gpusystem_s2,signed,,,,,,,1000,,
0.3111535310745239,,10,,,False,,,,,,,,0.09629737585783005,scalar,,,0.9910552501678467,0.9957081154272769,,,FS-Conv,0.9190000295639038,0.08399999886751175,,0.9169999957084656,0.08500000089406967,,0,,runs/neurips_pilot_preleave_20260504_1619/signed_random_n10_train1000_s0/signed_mnist/conv/MNIST/20260504T165706Z_gpusystem_s0,signed,,,,,,,1000,,
0.3633527159690857,,10,,,False,,,,,,,,0.1141493022441864,scalar,,,0.9898481965065002,0.9954698679363001,,,FS-Conv,0.906000018119812,0.09700000286102295,,0.9070000052452087,0.09600000083446503,,1,,runs/neurips_pilot_preleave_20260504_1619/signed_random_n10_train1000_s1/signed_mnist/conv/MNIST/20260504T172126Z_gpusystem_s1,signed,,,,,,,1000,,
0.33857566118240356,,10,,,False,,,,,,,,0.1165669858455658,scalar,,,0.9893478155136108,0.9934975080270283,,,FS-Conv,0.8970000147819519,0.10400000214576721,,0.8989999890327454,0.10100000351667404,,2,,runs/neurips_pilot_preleave_20260504_1619/signed_random_n10_train1000_s2/signed_mnist/conv/MNIST/20260504T180841Z_gpusystem_s2,signed,,,,,,,1000,,
nan,,10,,,,,,,,,,,1.7643166780471802,scalar,1.3368186950683594,,0.7420100569725037,,,,Gaussian-AMLE,0.24799999594688416,1.7410000562667847,,0.24799999594688416,1.7410000562667847,,0,,results/rebuttal/gaussian_selected/runs/digit_sum_gaussian_amle_n10_train1000_sum_s0_lr1e-03_eps1e-04_cfdf9520_20260725T234858Z,digit_sum,,,,,,,1000,,
nan,,10,,,,,,,,,,,1.4149922132492065,scalar,1.4113868474960327,,0.8597849011421204,,,,Gaussian-AMLE,0.3370000123977661,1.378999948501587,,0.3370000123977661,1.378999948501587,,1,,results/rebuttal/gaussian_selected/runs/digit_sum_gaussian_amle_n10_train1000_sum_s1_lr1e-03_eps1e-04_cfdf9520_20260725T234911Z,digit_sum,,,,,,,1000,,
nan,,10,,,,,,,,,,,1.8242554664611816,scalar,1.4063374996185303,,0.7700733542442322,,,,Gaussian-AMLE,0.2199999988079071,1.784999966621399,,0.2199999988079071,1.784999966621399,,2,,results/rebuttal/gaussian_selected/runs/digit_sum_gaussian_amle_n10_train1000_sum_s2_lr1e-03_eps1e-04_cfdf9520_20260725T234924Z,digit_sum,,,,,,,1000,,
nan,,10,,,True,,,,,,,,0.1836061030626297,scalar,-0.8359677195549011,,0.9855276346206665,0.9933411440280332,,,Gaussian-AMLE,0.8700000047683716,0.13199999928474426,,0.8700000047683716,0.13199999928474426,,0,,results/rebuttal/gaussian_selected/runs/signed_gaussian_amle_n10_train1000_cancel_s0_lr1e-03_eps1e-04_cfdf9520_20260725T234858Z,signed,,,,,,,1000,,
nan,,10,,,True,,,,,,,,0.22466067969799042,scalar,-0.7424774169921875,,0.9808021187782288,0.989103117808532,,,Gaussian-AMLE,0.8360000252723694,0.16699999570846558,,0.8360000252723694,0.16699999570846558,,1,,results/rebuttal/gaussian_selected/runs/signed_gaussian_amle_n10_train1000_cancel_s1_lr1e-03_eps1e-04_cfdf9520_20260725T234917Z,signed,,,,,,,1000,,
nan,,10,,,True,,,,,,,,0.22643142938613892,scalar,-0.560649573802948,,0.9818108677864075,0.9914713378735519,,,Gaussian-AMLE,0.8370000123977661,0.16500000655651093,,0.8370000123977661,0.16500000655651093,,2,,results/rebuttal/gaussian_selected/runs/signed_gaussian_amle_n10_train1000_cancel_s2_lr1e-03_eps1e-04_cfdf9520_20260725T234937Z,signed,,,,,,,1000,,
nan,,10,,,False,,,,,,,,0.21096883714199066,scalar,-0.7773232460021973,,0.9849246144294739,0.9911985885228537,,,Gaussian-AMLE,0.8579999804496765,0.14499999582767487,,0.8579999804496765,0.14499999582767487,,0,,results/rebuttal/gaussian_selected/runs/signed_gaussian_amle_n10_train1000_random_s0_lr1e-03_eps1e-04_cfdf9520_20260725T234858Z,signed,,,,,,,1000,,
nan,,10,,,False,,,,,,,,0.234758660197258,scalar,-0.6491934657096863,,0.9825108051300049,0.9908406753263945,,,Gaussian-AMLE,0.8579999804496765,0.1469999998807907,,0.8579999804496765,0.1469999998807907,,1,,results/rebuttal/gaussian_selected/runs/signed_gaussian_amle_n10_train1000_random_s1_lr1e-03_eps1e-04_cfdf9520_20260725T234917Z,signed,,,,,,,1000,,
nan,,10,,,False,,,,,,,,0.25653472542762756,scalar,-0.6583018898963928,,0.981006920337677,0.9934104265285078,,,Gaussian-AMLE,0.8370000123977661,0.1679999977350235,,0.8370000123977661,0.1679999977350235,,2,,results/rebuttal/gaussian_selected/runs/signed_gaussian_amle_n10_train1000_random_s2_lr1e-03_eps1e-04_cfdf9520_20260725T234936Z,signed,,,,,,,1000,,
nan,,10,,,,,,,,,,,3.0320847034454346,scalar,,,0.19608040153980255,,,,MSE,nan,nan,,0.10599999874830246,3.009999990463257,,0,,runs/rebuttal_mse_digit_sum_n10_train1000/mnist_digit_sum_baseline/mse/MNIST/20260725T233330Z_gpusystem_s0,digit_sum,,,,,,,1000,,
nan,,10,,,,,,,,,,,2.809023380279541,scalar,,,0.24746204912662506,,,,MSE,nan,nan,,0.1120000034570694,2.7869999408721924,,1,,runs/rebuttal_mse_digit_sum_n10_train1000/mnist_digit_sum_baseline/mse/MNIST/20260725T233434Z_gpusystem_s1,digit_sum,,,,,,,1000,,
nan,,10,,,,,,,,,,,2.740835189819336,scalar,,,0.19797004759311676,,,,MSE,nan,nan,,0.10199999809265137,2.7300000190734863,,2,,runs/rebuttal_mse_digit_sum_n10_train1000/mnist_digit_sum_baseline/mse/MNIST/20260725T233535Z_gpusystem_s2,digit_sum,,,,,,,1000,,
nan,,10,,,True,,,,,,,,0.12119133025407791,scalar,,,0.9917588233947754,0.9970694904204617,,,MSE,0.9290000200271606,0.07100000232458115,,0.9290000200271606,0.07100000232458115,,0,,runs/server4090_signed_mse_baseline/signed_mse_n10_train1000_cancel_s0/signed_mnist_baseline/mse/MNIST/20260507T021232Z_gpusystem_s0,signed,,,,,,,1000,,
nan,,10,,,True,,,,,,,,0.13030123710632324,scalar,,,0.990652322769165,0.9959072002580016,,,MSE,0.9129999876022339,0.08799999952316284,,0.9129999876022339,0.08799999952316284,,1,,runs/server4090_signed_mse_baseline/signed_mse_n10_train1000_cancel_s1/signed_mnist_baseline/mse/MNIST/20260507T021232Z_gpusystem_s1,signed,,,,,,,1000,,
nan,,10,,,True,,,,,,,,0.14063340425491333,scalar,,,0.9901517629623413,0.9954415886150203,,,MSE,0.9120000004768372,0.09000000357627869,,0.9120000004768372,0.09000000357627869,,2,,runs/server4090_signed_mse_baseline/signed_mse_n10_train1000_cancel_s2/signed_mnist_baseline/mse/MNIST/20260507T021232Z_gpusystem_s2,signed,,,,,,,1000,,
nan,,10,,,False,,,,,,,,0.6275297999382019,scalar,,,0.8987939953804016,0.9347496074942694,,,MSE,0.4790000021457672,0.5839999914169312,,0.4790000021457672,0.5839999914169312,,0,,runs/server4090_signed_mse_baseline/signed_mse_n10_train1000_random_s0/signed_mnist_baseline/mse/MNIST/20260507T020935Z_gpusystem_s0,signed,,,,,,,1000,,
nan,,10,,,False,,,,,,,,0.19175177812576294,scalar,,,0.9871343970298767,0.9916346034035516,,,MSE,0.8849999904632568,0.11699999868869781,,0.8849999904632568,0.11699999868869781,,1,,runs/server4090_signed_mse_baseline/signed_mse_n10_train1000_random_s1/signed_mnist_baseline/mse/MNIST/20260507T020935Z_gpusystem_s1,signed,,,,,,,1000,,
nan,,10,,,False,,,,,,,,0.16944552958011627,scalar,,,0.9896492958068848,0.9929204405680421,,,MSE,0.8960000276565552,0.10599999874830246,,0.8960000276565552,0.10599999874830246,,2,,runs/server4090_signed_mse_baseline/signed_mse_n10_train1000_random_s2/signed_mnist_baseline/mse/MNIST/20260507T020935Z_gpusystem_s2,signed,,,,,,,1000,,
,,,49,0.9136202931404114,,,,0.0001,,,,,,gaussian_tuning,,,,,0.001,,,,,,,,results/rebuttal/gaussian_tuning/runs/digit_sum_gaussian_amle_n10_train1000_sum_s999_lr1e-03_eps1e-04_cfdf9520_20260725T233812Z,,,,,,1.2158738374710083,1.1032350063323975,0.9582341313362122,,0.503000020980835,,,
,,,45,1.0907399654388428,,,,0.001,,,,,,gaussian_tuning,,,,,0.001,,,,,,,,results/rebuttal/gaussian_tuning/runs/digit_sum_gaussian_amle_n10_train1000_sum_s999_lr1e-03_eps1e-03_cfdf9520_20260725T234054Z,,,,,,1.1058349609375,0.9287984371185303,0.9595237970352173,,0.5600000023841858,,,
,,,39,1.1340340375900269,,,,0.01,,,,,,gaussian_tuning,,,,,0.001,,,,,,,,results/rebuttal/gaussian_tuning/runs/digit_sum_gaussian_amle_n10_train1000_sum_s999_lr1e-03_eps1e-02_cfdf9520_20260725T234157Z,,,,,,1.4544153213500977,1.1961569786071777,0.9322420358657837,,0.3840000033378601,,,
,,,48,1.366990327835083,,,,0.01,,,,,,gaussian_tuning,,,,,0.0005,,,,,,,,results/rebuttal/gaussian_tuning/runs/digit_sum_gaussian_amle_n10_train1000_sum_s999_cfdf9520_20260725T233535Z,,,,,,1.955762505531311,1.4044939279556274,0.7676587104797363,,0.20600000023841858,,,
,,,47,1.4256861209869385,,,,0.001,,,,,,gaussian_tuning,,,,,0.0005,,,,,,,,results/rebuttal/gaussian_tuning/runs/digit_sum_gaussian_amle_n10_train1000_sum_s999_cfdf9520_20260725T233434Z,,,,,,2.0184617042541504,1.4463125467300415,0.7273809313774109,,0.1850000023841858,,,
,,,50,1.446805715560913,,,,0.0001,,,,,,gaussian_tuning,,,,,0.0005,,,,,,,,results/rebuttal/gaussian_tuning/runs/digit_sum_gaussian_amle_n10_train1000_sum_s999_cfdf9520_20260725T233330Z,,,,,,2.0658085346221924,1.5024141073226929,0.7293650507926941,,0.1899999976158142,,,
,,,49,1.7821210622787476,,,,0.001,,,,,,gaussian_tuning,,,,,0.0002,,,,,,,,results/rebuttal/gaussian_tuning/runs/digit_sum_gaussian_amle_n10_train1000_sum_s999_lr2e-04_eps1e-03_cfdf9520_20260725T234054Z,,,,,,3.0818979740142822,1.8386141061782837,0.4327380955219269,,0.10899999737739563,,,
,,,49,1.7829769849777222,,,,0.0001,,,,,,gaussian_tuning,,,,,0.0002,,,,,,,,results/rebuttal/gaussian_tuning/runs/digit_sum_gaussian_amle_n10_train1000_sum_s999_lr2e-04_eps1e-04_cfdf9520_20260725T233812Z,,,,,,3.0851457118988037,1.8402068614959717,0.4312500059604645,,0.1120000034570694,,,
,,,49,1.7884999513626099,,,,0.01,,,,,,gaussian_tuning,,,,,0.0002,,,,,,,,results/rebuttal/gaussian_tuning/runs/digit_sum_gaussian_amle_n10_train1000_sum_s999_lr2e-04_eps1e-02_cfdf9520_20260725T234157Z,,,,,,3.1046929359436035,1.846418857574463,0.4305555522441864,,0.10899999737739563,,,
,64,,,,,,2.870818853378296,,,,,,,fixed_cifar10,,1.5629000663757324,0.8502968549728394,,,0.851788729429245,ce,,,,,,results/rebuttal/fixed_bag_cifar10/runs/fixed_cifar10_ce_n64_train250_s0_cfdf9520_20260726T002118Z,0,validation hist_count_mae,,,1000,,,,2a7e4b9e6529346f0275c90009b11591644da37d648728ae226d6b46ac62861b:015050da23858f39102df5fa331e20eb0c4df1e72a67c49a05d00051fe325fa0,,250,4115cc8be2c1e0cb02d538f9adeb2b4ca02e5ed8432441e059736638d8cfc9f3:ff1c9e447aca78077f15881f7380854af246d8f3f3f3aa4271b0833b5afc567c,250
,64,,,,,,2.7634530067443848,,,,,,,fixed_cifar10,,1.5382999181747437,0.8550781011581421,,,0.853799831867218,ce,,,,,,results/rebuttal/fixed_bag_cifar10/runs/fixed_cifar10_ce_n64_train250_s1_cfdf9520_20260726T002132Z,1,validation hist_count_mae,,,1000,,,,b1ed5ac96e8f17898ad8e96ee4cd1f2845e106696a17c5745b1117490e6016eb:e3b98e9cb053ee86dc14c8db8dfbef7f1b4767a7b9a4944f05457db2e78922ce,,250,4e28655428dd7625028855c639e6e25b5bd9ddd114d3a179db0f215e7ca61c86:45ba731ed5255afcccb763e037760e7cba22298b92811814e4ba5f333a8d2b5e,250
,64,,,,,,2.800276279449463,,,,,,,fixed_cifar10,,1.5539000034332275,0.8502030968666077,,,0.8502026855945587,ce,,,,,,results/rebuttal/fixed_bag_cifar10/runs/fixed_cifar10_ce_n64_train250_s2_cfdf9520_20260726T002146Z,2,validation hist_count_mae,,,1000,,,,b3c9857f904676d678e8dfb41142da1d5a483d3a4c8f8314d948b29903a438d3:ff7158a882c8b0625c62ab7b1e5eae73e1ce6ed389fe00e0729f64343f484d62,,250,0c99e99028ce2a172fe55f54ffdf87a2df25e85349a2ae4a92fe7571f64d4e7d:c5a4a22d212e7caaf2c57c7d51f3d3ad556fc3d685cf100863297da8c470df74,250
,64,,,,,,2.6899285316467285,,,,,,,fixed_cifar10,,1.7121999263763428,0.8535468578338623,,,0.8550625264644622,fsconv_count,,,,,,results/rebuttal/fixed_bag_cifar10/runs/fixed_cifar10_fsconv_count_n64_train250_s0_cfdf9520_20260726T002118Z,0,validation hist_count_mae,,,1000,,,,2a7e4b9e6529346f0275c90009b11591644da37d648728ae226d6b46ac62861b:015050da23858f39102df5fa331e20eb0c4df1e72a67c49a05d00051fe325fa0,,250,4115cc8be2c1e0cb02d538f9adeb2b4ca02e5ed8432441e059736638d8cfc9f3:ff1c9e447aca78077f15881f7380854af246d8f3f3f3aa4271b0833b5afc567c,250
,64,,,,,,2.6984846591949463,,,,,,,fixed_cifar10,,1.8106999397277832,0.8537812232971191,,,0.8522599101066589,fsconv_count,,,,,,results/rebuttal/fixed_bag_cifar10/runs/fixed_cifar10_fsconv_count_n64_train250_s1_cfdf9520_20260726T002141Z,1,validation hist_count_mae,,,1000,,,,b1ed5ac96e8f17898ad8e96ee4cd1f2845e106696a17c5745b1117490e6016eb:e3b98e9cb053ee86dc14c8db8dfbef7f1b4767a7b9a4944f05457db2e78922ce,,250,4e28655428dd7625028855c639e6e25b5bd9ddd114d3a179db0f215e7ca61c86:45ba731ed5255afcccb763e037760e7cba22298b92811814e4ba5f333a8d2b5e,250
,64,,,,,,2.639644145965576,,,,,,,fixed_cifar10,,1.7095999717712402,0.8514999747276306,,,0.8513293266296387,fsconv_count,,,,,,results/rebuttal/fixed_bag_cifar10/runs/fixed_cifar10_fsconv_count_n64_train250_s2_cfdf9520_20260726T002202Z,2,validation hist_count_mae,,,1000,,,,b3c9857f904676d678e8dfb41142da1d5a483d3a4c8f8314d948b29903a438d3:ff7158a882c8b0625c62ab7b1e5eae73e1ce6ed389fe00e0729f64343f484d62,,250,0c99e99028ce2a172fe55f54ffdf87a2df25e85349a2ae4a92fe7571f64d4e7d:c5a4a22d212e7caaf2c57c7d51f3d3ad556fc3d685cf100863297da8c470df74,250
,64,,,,,,2.870818853378296,,,,,,,fixed_cifar10,,1.5629000663757324,0.8502968549728394,,,0.851788729429245,kl,,,,,,results/rebuttal/fixed_bag_cifar10/runs/fixed_cifar10_kl_n64_train250_s0_cfdf9520_20260726T002212Z,0,validation hist_count_mae,,,1000,,,,2a7e4b9e6529346f0275c90009b11591644da37d648728ae226d6b46ac62861b:015050da23858f39102df5fa331e20eb0c4df1e72a67c49a05d00051fe325fa0,,250,4115cc8be2c1e0cb02d538f9adeb2b4ca02e5ed8432441e059736638d8cfc9f3:ff1c9e447aca78077f15881f7380854af246d8f3f3f3aa4271b0833b5afc567c,250
,64,,,,,,2.7634530067443848,,,,,,,fixed_cifar10,,1.5382999181747437,0.8550781011581421,,,0.853799831867218,kl,,,,,,results/rebuttal/fixed_bag_cifar10/runs/fixed_cifar10_kl_n64_train250_s1_cfdf9520_20260726T002225Z,1,validation hist_count_mae,,,1000,,,,b1ed5ac96e8f17898ad8e96ee4cd1f2845e106696a17c5745b1117490e6016eb:e3b98e9cb053ee86dc14c8db8dfbef7f1b4767a7b9a4944f05457db2e78922ce,,250,4e28655428dd7625028855c639e6e25b5bd9ddd114d3a179db0f215e7ca61c86:45ba731ed5255afcccb763e037760e7cba22298b92811814e4ba5f333a8d2b5e,250
,64,,,,,,2.800276279449463,,,,,,,fixed_cifar10,,1.5539000034332275,0.8502030968666077,,,0.8502026855945587,kl,,,,,,results/rebuttal/fixed_bag_cifar10/runs/fixed_cifar10_kl_n64_train250_s2_cfdf9520_20260726T002237Z,2,validation hist_count_mae,,,1000,,,,b3c9857f904676d678e8dfb41142da1d5a483d3a4c8f8314d948b29903a438d3:ff7158a882c8b0625c62ab7b1e5eae73e1ce6ed389fe00e0729f64343f484d62,,250,0c99e99028ce2a172fe55f54ffdf87a2df25e85349a2ae4a92fe7571f64d4e7d:c5a4a22d212e7caaf2c57c7d51f3d3ad556fc3d685cf100863297da8c470df74,250
,64,,,,,,2.85320782661438,,,,,,,fixed_cifar10,,1.819100022315979,0.8403750061988831,,,0.8415491342544555,official_pvc_count_component,,,,,,results/rebuttal/fixed_bag_cifar10/runs/fixed_cifar10_official_pvc_count_component_n64_train250_s0_cfdf9520_20260726T002118Z,0,validation hist_count_mae,,,1000,,,,2a7e4b9e6529346f0275c90009b11591644da37d648728ae226d6b46ac62861b:015050da23858f39102df5fa331e20eb0c4df1e72a67c49a05d00051fe325fa0,,250,4115cc8be2c1e0cb02d538f9adeb2b4ca02e5ed8432441e059736638d8cfc9f3:ff1c9e447aca78077f15881f7380854af246d8f3f3f3aa4271b0833b5afc567c,250
,64,,,,,,2.96185040473938,,,,,,,fixed_cifar10,,2.0553998947143555,0.8310156464576721,,,0.8286276519298553,official_pvc_count_component,,,,,,results/rebuttal/fixed_bag_cifar10/runs/fixed_cifar10_official_pvc_count_component_n64_train250_s1_cfdf9520_20260726T002141Z,1,validation hist_count_mae,,,1000,,,,b1ed5ac96e8f17898ad8e96ee4cd1f2845e106696a17c5745b1117490e6016eb:e3b98e9cb053ee86dc14c8db8dfbef7f1b4767a7b9a4944f05457db2e78922ce,,250,4e28655428dd7625028855c639e6e25b5bd9ddd114d3a179db0f215e7ca61c86:45ba731ed5255afcccb763e037760e7cba22298b92811814e4ba5f333a8d2b5e,250
,64,,,,,,2.7683305740356445,,,,,,,fixed_cifar10,,1.7274998426437378,0.8412812352180481,,,0.8404250502586365,official_pvc_count_component,,,,,,results/rebuttal/fixed_bag_cifar10/runs/fixed_cifar10_official_pvc_count_component_n64_train250_s2_cfdf9520_20260726T002201Z,2,validation hist_count_mae,,,1000,,,,b3c9857f904676d678e8dfb41142da1d5a483d3a4c8f8314d948b29903a438d3:ff7158a882c8b0625c62ab7b1e5eae73e1ce6ed389fe00e0729f64343f484d62,,250,0c99e99028ce2a172fe55f54ffdf87a2df25e85349a2ae4a92fe7571f64d4e7d:c5a4a22d212e7caaf2c57c7d51f3d3ad556fc3d685cf100863297da8c470df74,250
,,,,,,C,,,4.44e-16,2.12e-16,2.22e-16,matched softmax parameterization for the classwise Poisson-binomial count-likelihood component,,equivalence,,,,,,,,,,FS-Conv classwise count likelihood / LLP-PVC count-likelihood component,,,,,,,,,,,,,,,,
