path,kind,tracked,size_bytes
results/rebuttal/4090_official_llppvc/dev_runs/official_llppvc_n64_train250_dev_lr_s999_lr1e-03_c9928f33_20260726T061909Z/config.json,json,True,1506
results/rebuttal/4090_official_llppvc/dev_runs/official_llppvc_n64_train250_dev_lr_s999_lr1e-03_c9928f33_20260726T061909Z/metadata.json,json,True,440
results/rebuttal/4090_official_llppvc/dev_runs/official_llppvc_n64_train250_dev_lr_s999_lr1e-03_c9928f33_20260726T061909Z/metrics.json,json,True,6477
results/rebuttal/4090_official_llppvc/dev_runs/official_llppvc_n64_train250_dev_lr_s999_lr1e-03_c9928f33_20260726T061909Z/summary.json,json,True,6477
results/rebuttal/4090_official_llppvc/dev_runs/official_llppvc_n64_train250_dev_lr_s999_lr3e-03_c9928f33_20260726T061909Z/config.json,json,True,1507
results/rebuttal/4090_official_llppvc/dev_runs/official_llppvc_n64_train250_dev_lr_s999_lr3e-03_c9928f33_20260726T061909Z/metadata.json,json,True,440
results/rebuttal/4090_official_llppvc/dev_runs/official_llppvc_n64_train250_dev_lr_s999_lr3e-03_c9928f33_20260726T061909Z/metrics.json,json,True,6500
results/rebuttal/4090_official_llppvc/dev_runs/official_llppvc_n64_train250_dev_lr_s999_lr3e-03_c9928f33_20260726T061909Z/summary.json,json,True,6500
results/rebuttal/4090_official_llppvc/dev_runs/official_llppvc_n64_train250_dev_lr_s999_lr5e-04_c9928f33_20260726T061909Z/config.json,json,True,1507
results/rebuttal/4090_official_llppvc/dev_runs/official_llppvc_n64_train250_dev_lr_s999_lr5e-04_c9928f33_20260726T061909Z/metadata.json,json,True,440
results/rebuttal/4090_official_llppvc/dev_runs/official_llppvc_n64_train250_dev_lr_s999_lr5e-04_c9928f33_20260726T061909Z/metrics.json,json,True,6480
results/rebuttal/4090_official_llppvc/dev_runs/official_llppvc_n64_train250_dev_lr_s999_lr5e-04_c9928f33_20260726T061909Z/summary.json,json,True,6480
results/rebuttal/4090_official_llppvc/dev_summaries/official_llppvc_n64_train250_dev_lr_s999.json,json,True,6500
results/rebuttal/4090_official_llppvc/smoke_runs/official_llppvc_n64_train4_smoke_s99_lr3e-03_1872e6c1_20260726T061725Z/config.json,json,True,1495
results/rebuttal/4090_official_llppvc/smoke_runs/official_llppvc_n64_train4_smoke_s99_lr3e-03_1872e6c1_20260726T061725Z/metadata.json,json,True,440
results/rebuttal/4090_official_llppvc/smoke_runs/official_llppvc_n64_train4_smoke_s99_lr3e-03_1872e6c1_20260726T061725Z/metrics.json,json,True,5960
results/rebuttal/4090_official_llppvc/smoke_runs/official_llppvc_n64_train4_smoke_s99_lr3e-03_1872e6c1_20260726T061725Z/summary.json,json,True,5960
results/rebuttal/4090_official_llppvc/smoke_summaries/official_llppvc_n64_train4_smoke_s99.json,json,True,5960
results/rebuttal/cifar10_data_audit.json,json,True,515
results/rebuttal/fixed_bag_cifar10/debug_runs/fixed_cifar10_kl_n64_train250_s0_cfdf9520_20260726T002155Z/config.json,json,True,1259
results/rebuttal/fixed_bag_cifar10/debug_runs/fixed_cifar10_kl_n64_train250_s0_cfdf9520_20260726T002155Z/metadata.json,json,True,370
results/rebuttal/fixed_bag_cifar10/debug_runs/fixed_cifar10_kl_n64_train250_s0_cfdf9520_20260726T002155Z/summary.json,json,True,5835
results/rebuttal/fixed_bag_cifar10/debug_summaries/fixed_cifar10_kl_n64_train250_s0.json,json,True,5835
results/rebuttal/fixed_bag_cifar10/manifests/seed0_n64_train250_alpha0.3/test_bag_stats.json,json,True,1094
results/rebuttal/fixed_bag_cifar10/manifests/seed0_n64_train250_alpha0.3/train_bag_stats.json,json,True,1090
results/rebuttal/fixed_bag_cifar10/manifests/seed0_n64_train250_alpha0.3/val_bag_stats.json,json,True,1090
results/rebuttal/fixed_bag_cifar10/manifests/seed1_n64_train250_alpha0.3/test_bag_stats.json,json,True,1088
results/rebuttal/fixed_bag_cifar10/manifests/seed1_n64_train250_alpha0.3/train_bag_stats.json,json,True,1085
results/rebuttal/fixed_bag_cifar10/manifests/seed1_n64_train250_alpha0.3/val_bag_stats.json,json,True,1090
results/rebuttal/fixed_bag_cifar10/manifests/seed2_n64_train250_alpha0.3/test_bag_stats.json,json,True,1088
results/rebuttal/fixed_bag_cifar10/manifests/seed2_n64_train250_alpha0.3/train_bag_stats.json,json,True,1088
results/rebuttal/fixed_bag_cifar10/manifests/seed2_n64_train250_alpha0.3/val_bag_stats.json,json,True,1095
results/rebuttal/fixed_bag_cifar10/manifests/seed999_n64_train250_alpha0.3/test_bag_stats.json,json,True,1084
results/rebuttal/fixed_bag_cifar10/manifests/seed999_n64_train250_alpha0.3/train_bag_stats.json,json,True,1091
results/rebuttal/fixed_bag_cifar10/manifests/seed999_n64_train250_alpha0.3/val_bag_stats.json,json,True,1095
results/rebuttal/fixed_bag_cifar10/manifests/seed99_n64_train4_alpha0.3/test_bag_stats.json,json,True,926
results/rebuttal/fixed_bag_cifar10/manifests/seed99_n64_train4_alpha0.3/train_bag_stats.json,json,True,940
results/rebuttal/fixed_bag_cifar10/manifests/seed99_n64_train4_alpha0.3/val_bag_stats.json,json,True,897
results/rebuttal/fixed_bag_cifar10/runs/fixed_cifar10_ce_n64_train250_s0_cfdf9520_20260726T002118Z/config.json,json,False,1261
results/rebuttal/fixed_bag_cifar10/runs/fixed_cifar10_ce_n64_train250_s0_cfdf9520_20260726T002118Z/metadata.json,json,False,370
results/rebuttal/fixed_bag_cifar10/runs/fixed_cifar10_ce_n64_train250_s0_cfdf9520_20260726T002118Z/summary.json,json,False,5832
results/rebuttal/fixed_bag_cifar10/runs/fixed_cifar10_ce_n64_train250_s1_cfdf9520_20260726T002132Z/config.json,json,False,1261
results/rebuttal/fixed_bag_cifar10/runs/fixed_cifar10_ce_n64_train250_s1_cfdf9520_20260726T002132Z/metadata.json,json,False,370
results/rebuttal/fixed_bag_cifar10/runs/fixed_cifar10_ce_n64_train250_s1_cfdf9520_20260726T002132Z/summary.json,json,False,5822
results/rebuttal/fixed_bag_cifar10/runs/fixed_cifar10_ce_n64_train250_s2_cfdf9520_20260726T002146Z/config.json,json,False,1261
results/rebuttal/fixed_bag_cifar10/runs/fixed_cifar10_ce_n64_train250_s2_cfdf9520_20260726T002146Z/metadata.json,json,False,370
results/rebuttal/fixed_bag_cifar10/runs/fixed_cifar10_ce_n64_train250_s2_cfdf9520_20260726T002146Z/summary.json,json,False,5830
results/rebuttal/fixed_bag_cifar10/runs/fixed_cifar10_fsconv_count_n64_train250_s0_cfdf9520_20260726T002118Z/config.json,json,False,1271
results/rebuttal/fixed_bag_cifar10/runs/fixed_cifar10_fsconv_count_n64_train250_s0_cfdf9520_20260726T002118Z/metadata.json,json,False,370
results/rebuttal/fixed_bag_cifar10/runs/fixed_cifar10_fsconv_count_n64_train250_s0_cfdf9520_20260726T002118Z/summary.json,json,False,5856
results/rebuttal/fixed_bag_cifar10/runs/fixed_cifar10_fsconv_count_n64_train250_s1_cfdf9520_20260726T002141Z/config.json,json,False,1271
results/rebuttal/fixed_bag_cifar10/runs/fixed_cifar10_fsconv_count_n64_train250_s1_cfdf9520_20260726T002141Z/metadata.json,json,False,370
results/rebuttal/fixed_bag_cifar10/runs/fixed_cifar10_fsconv_count_n64_train250_s1_cfdf9520_20260726T002141Z/summary.json,json,False,5845
results/rebuttal/fixed_bag_cifar10/runs/fixed_cifar10_fsconv_count_n64_train250_s2_cfdf9520_20260726T002202Z/config.json,json,False,1271
results/rebuttal/fixed_bag_cifar10/runs/fixed_cifar10_fsconv_count_n64_train250_s2_cfdf9520_20260726T002202Z/metadata.json,json,False,370
results/rebuttal/fixed_bag_cifar10/runs/fixed_cifar10_fsconv_count_n64_train250_s2_cfdf9520_20260726T002202Z/summary.json,json,False,5852
results/rebuttal/fixed_bag_cifar10/runs/fixed_cifar10_kl_n64_train250_s0_cfdf9520_20260726T002212Z/config.json,json,False,1261
results/rebuttal/fixed_bag_cifar10/runs/fixed_cifar10_kl_n64_train250_s0_cfdf9520_20260726T002212Z/metadata.json,json,False,370
results/rebuttal/fixed_bag_cifar10/runs/fixed_cifar10_kl_n64_train250_s0_cfdf9520_20260726T002212Z/summary.json,json,False,5835
results/rebuttal/fixed_bag_cifar10/runs/fixed_cifar10_kl_n64_train250_s1_cfdf9520_20260726T002225Z/config.json,json,False,1261
results/rebuttal/fixed_bag_cifar10/runs/fixed_cifar10_kl_n64_train250_s1_cfdf9520_20260726T002225Z/metadata.json,json,False,370
results/rebuttal/fixed_bag_cifar10/runs/fixed_cifar10_kl_n64_train250_s1_cfdf9520_20260726T002225Z/summary.json,json,False,5825
results/rebuttal/fixed_bag_cifar10/runs/fixed_cifar10_kl_n64_train250_s2_cfdf9520_20260726T002237Z/config.json,json,False,1261
results/rebuttal/fixed_bag_cifar10/runs/fixed_cifar10_kl_n64_train250_s2_cfdf9520_20260726T002237Z/metadata.json,json,False,370
results/rebuttal/fixed_bag_cifar10/runs/fixed_cifar10_kl_n64_train250_s2_cfdf9520_20260726T002237Z/summary.json,json,False,5830
results/rebuttal/fixed_bag_cifar10/runs/fixed_cifar10_official_pvc_count_component_n64_train250_s0_cfdf9520_20260726T002118Z/config.json,json,False,1513
results/rebuttal/fixed_bag_cifar10/runs/fixed_cifar10_official_pvc_count_component_n64_train250_s0_cfdf9520_20260726T002118Z/metadata.json,json,False,370
results/rebuttal/fixed_bag_cifar10/runs/fixed_cifar10_official_pvc_count_component_n64_train250_s0_cfdf9520_20260726T002118Z/summary.json,json,False,6112
results/rebuttal/fixed_bag_cifar10/runs/fixed_cifar10_official_pvc_count_component_n64_train250_s1_cfdf9520_20260726T002141Z/config.json,json,False,1513
results/rebuttal/fixed_bag_cifar10/runs/fixed_cifar10_official_pvc_count_component_n64_train250_s1_cfdf9520_20260726T002141Z/metadata.json,json,False,370
results/rebuttal/fixed_bag_cifar10/runs/fixed_cifar10_official_pvc_count_component_n64_train250_s1_cfdf9520_20260726T002141Z/summary.json,json,False,6099
results/rebuttal/fixed_bag_cifar10/runs/fixed_cifar10_official_pvc_count_component_n64_train250_s2_cfdf9520_20260726T002201Z/config.json,json,False,1513
results/rebuttal/fixed_bag_cifar10/runs/fixed_cifar10_official_pvc_count_component_n64_train250_s2_cfdf9520_20260726T002201Z/metadata.json,json,False,370
results/rebuttal/fixed_bag_cifar10/runs/fixed_cifar10_official_pvc_count_component_n64_train250_s2_cfdf9520_20260726T002201Z/summary.json,json,False,6110
results/rebuttal/fixed_bag_cifar10/smoke_runs/fixed_cifar10_ce_n64_train4_s99_cfdf9520_20260726T002014Z/config.json,json,True,1252
results/rebuttal/fixed_bag_cifar10/smoke_runs/fixed_cifar10_ce_n64_train4_s99_cfdf9520_20260726T002014Z/metadata.json,json,True,370
results/rebuttal/fixed_bag_cifar10/smoke_runs/fixed_cifar10_ce_n64_train4_s99_cfdf9520_20260726T002035Z/config.json,json,True,1252
results/rebuttal/fixed_bag_cifar10/smoke_runs/fixed_cifar10_ce_n64_train4_s99_cfdf9520_20260726T002035Z/metadata.json,json,True,370
results/rebuttal/fixed_bag_cifar10/smoke_runs/fixed_cifar10_ce_n64_train4_s99_cfdf9520_20260726T002035Z/summary.json,json,True,5278
results/rebuttal/fixed_bag_cifar10/smoke_runs/fixed_cifar10_ce_n64_train4_s99_cfdf9520_20260726T002054Z/config.json,json,True,1252
results/rebuttal/fixed_bag_cifar10/smoke_runs/fixed_cifar10_ce_n64_train4_s99_cfdf9520_20260726T002054Z/metadata.json,json,True,370
results/rebuttal/fixed_bag_cifar10/smoke_runs/fixed_cifar10_ce_n64_train4_s99_cfdf9520_20260726T002054Z/summary.json,json,True,5276
results/rebuttal/fixed_bag_cifar10/smoke_runs/fixed_cifar10_fsconv_count_n64_train4_s99_cfdf9520_20260726T002034Z/config.json,json,True,1262
results/rebuttal/fixed_bag_cifar10/smoke_runs/fixed_cifar10_fsconv_count_n64_train4_s99_cfdf9520_20260726T002034Z/metadata.json,json,True,370
results/rebuttal/fixed_bag_cifar10/smoke_runs/fixed_cifar10_fsconv_count_n64_train4_s99_cfdf9520_20260726T002034Z/summary.json,json,True,5315
results/rebuttal/fixed_bag_cifar10/smoke_runs/fixed_cifar10_fsconv_count_n64_train4_s99_cfdf9520_20260726T002054Z/config.json,json,True,1262
results/rebuttal/fixed_bag_cifar10/smoke_runs/fixed_cifar10_fsconv_count_n64_train4_s99_cfdf9520_20260726T002054Z/metadata.json,json,True,370
results/rebuttal/fixed_bag_cifar10/smoke_runs/fixed_cifar10_fsconv_count_n64_train4_s99_cfdf9520_20260726T002054Z/summary.json,json,True,5314
results/rebuttal/fixed_bag_cifar10/smoke_runs/fixed_cifar10_official_pvc_count_component_n64_train4_s99_cfdf9520_20260726T002034Z/config.json,json,True,1504
results/rebuttal/fixed_bag_cifar10/smoke_runs/fixed_cifar10_official_pvc_count_component_n64_train4_s99_cfdf9520_20260726T002034Z/metadata.json,json,True,370
results/rebuttal/fixed_bag_cifar10/smoke_runs/fixed_cifar10_official_pvc_count_component_n64_train4_s99_cfdf9520_20260726T002034Z/summary.json,json,True,5548
results/rebuttal/fixed_bag_cifar10/smoke_runs/fixed_cifar10_official_pvc_count_component_n64_train4_s99_cfdf9520_20260726T002054Z/config.json,json,True,1504
results/rebuttal/fixed_bag_cifar10/smoke_runs/fixed_cifar10_official_pvc_count_component_n64_train4_s99_cfdf9520_20260726T002054Z/metadata.json,json,True,370
results/rebuttal/fixed_bag_cifar10/smoke_runs/fixed_cifar10_official_pvc_count_component_n64_train4_s99_cfdf9520_20260726T002054Z/summary.json,json,True,5547
results/rebuttal/fixed_bag_cifar10/smoke_summaries/fixed_cifar10_ce_n64_train4_s99.json,json,True,5276
results/rebuttal/fixed_bag_cifar10/smoke_summaries/fixed_cifar10_fsconv_count_n64_train4_s99.json,json,True,5314
results/rebuttal/fixed_bag_cifar10/smoke_summaries/fixed_cifar10_official_pvc_count_component_n64_train4_s99.json,json,True,5547
results/rebuttal/fixed_bag_cifar10/summaries/fixed_cifar10_ce_n64_train250_s0.json,json,True,5832
results/rebuttal/fixed_bag_cifar10/summaries/fixed_cifar10_ce_n64_train250_s1.json,json,True,5822
results/rebuttal/fixed_bag_cifar10/summaries/fixed_cifar10_ce_n64_train250_s2.json,json,True,5830
results/rebuttal/fixed_bag_cifar10/summaries/fixed_cifar10_fsconv_count_n64_train250_s0.json,json,True,5856
results/rebuttal/fixed_bag_cifar10/summaries/fixed_cifar10_fsconv_count_n64_train250_s1.json,json,True,5845
results/rebuttal/fixed_bag_cifar10/summaries/fixed_cifar10_fsconv_count_n64_train250_s2.json,json,True,5852
results/rebuttal/fixed_bag_cifar10/summaries/fixed_cifar10_kl_n64_train250_s0.json,json,True,5835
results/rebuttal/fixed_bag_cifar10/summaries/fixed_cifar10_kl_n64_train250_s1.json,json,True,5825
results/rebuttal/fixed_bag_cifar10/summaries/fixed_cifar10_kl_n64_train250_s2.json,json,True,5830
results/rebuttal/fixed_bag_cifar10/summaries/fixed_cifar10_official_pvc_count_component_n64_train250_s0.json,json,True,6112
results/rebuttal/fixed_bag_cifar10/summaries/fixed_cifar10_official_pvc_count_component_n64_train250_s1.json,json,True,6099
results/rebuttal/fixed_bag_cifar10/summaries/fixed_cifar10_official_pvc_count_component_n64_train250_s2.json,json,True,6110
results/rebuttal/gaussian_selected/runs/digit_sum_gaussian_amle_n10_train1000_sum_s0_lr1e-03_eps1e-04_cfdf9520_20260725T234506Z/config.json,json,False,371
results/rebuttal/gaussian_selected/runs/digit_sum_gaussian_amle_n10_train1000_sum_s0_lr1e-03_eps1e-04_cfdf9520_20260725T234506Z/metadata.json,json,False,414
results/rebuttal/gaussian_selected/runs/digit_sum_gaussian_amle_n10_train1000_sum_s0_lr1e-03_eps1e-04_cfdf9520_20260725T234858Z/config.json,json,False,371
results/rebuttal/gaussian_selected/runs/digit_sum_gaussian_amle_n10_train1000_sum_s0_lr1e-03_eps1e-04_cfdf9520_20260725T234858Z/metadata.json,json,False,414
results/rebuttal/gaussian_selected/runs/digit_sum_gaussian_amle_n10_train1000_sum_s0_lr1e-03_eps1e-04_cfdf9520_20260725T234858Z/summary.json,json,False,1297
results/rebuttal/gaussian_selected/runs/digit_sum_gaussian_amle_n10_train1000_sum_s1_lr1e-03_eps1e-04_cfdf9520_20260725T234911Z/config.json,json,False,371
results/rebuttal/gaussian_selected/runs/digit_sum_gaussian_amle_n10_train1000_sum_s1_lr1e-03_eps1e-04_cfdf9520_20260725T234911Z/metadata.json,json,False,414
results/rebuttal/gaussian_selected/runs/digit_sum_gaussian_amle_n10_train1000_sum_s1_lr1e-03_eps1e-04_cfdf9520_20260725T234911Z/summary.json,json,False,1295
results/rebuttal/gaussian_selected/runs/digit_sum_gaussian_amle_n10_train1000_sum_s2_lr1e-03_eps1e-04_cfdf9520_20260725T234924Z/config.json,json,False,371
results/rebuttal/gaussian_selected/runs/digit_sum_gaussian_amle_n10_train1000_sum_s2_lr1e-03_eps1e-04_cfdf9520_20260725T234924Z/metadata.json,json,False,414
results/rebuttal/gaussian_selected/runs/digit_sum_gaussian_amle_n10_train1000_sum_s2_lr1e-03_eps1e-04_cfdf9520_20260725T234924Z/summary.json,json,False,1289
results/rebuttal/gaussian_selected/runs/signed_gaussian_amle_n10_train1000_cancel_s0_lr1e-03_eps1e-04_cfdf9520_20260725T234506Z/config.json,json,False,367
results/rebuttal/gaussian_selected/runs/signed_gaussian_amle_n10_train1000_cancel_s0_lr1e-03_eps1e-04_cfdf9520_20260725T234506Z/metadata.json,json,False,414
results/rebuttal/gaussian_selected/runs/signed_gaussian_amle_n10_train1000_cancel_s0_lr1e-03_eps1e-04_cfdf9520_20260725T234858Z/config.json,json,False,367
results/rebuttal/gaussian_selected/runs/signed_gaussian_amle_n10_train1000_cancel_s0_lr1e-03_eps1e-04_cfdf9520_20260725T234858Z/metadata.json,json,False,414
results/rebuttal/gaussian_selected/runs/signed_gaussian_amle_n10_train1000_cancel_s0_lr1e-03_eps1e-04_cfdf9520_20260725T234858Z/summary.json,json,False,1739
results/rebuttal/gaussian_selected/runs/signed_gaussian_amle_n10_train1000_cancel_s1_lr1e-03_eps1e-04_cfdf9520_20260725T234917Z/config.json,json,False,367
results/rebuttal/gaussian_selected/runs/signed_gaussian_amle_n10_train1000_cancel_s1_lr1e-03_eps1e-04_cfdf9520_20260725T234917Z/metadata.json,json,False,414
results/rebuttal/gaussian_selected/runs/signed_gaussian_amle_n10_train1000_cancel_s1_lr1e-03_eps1e-04_cfdf9520_20260725T234917Z/summary.json,json,False,1738
results/rebuttal/gaussian_selected/runs/signed_gaussian_amle_n10_train1000_cancel_s2_lr1e-03_eps1e-04_cfdf9520_20260725T234937Z/config.json,json,False,367
results/rebuttal/gaussian_selected/runs/signed_gaussian_amle_n10_train1000_cancel_s2_lr1e-03_eps1e-04_cfdf9520_20260725T234937Z/metadata.json,json,False,414
results/rebuttal/gaussian_selected/runs/signed_gaussian_amle_n10_train1000_cancel_s2_lr1e-03_eps1e-04_cfdf9520_20260725T234937Z/summary.json,json,False,1741
results/rebuttal/gaussian_selected/runs/signed_gaussian_amle_n10_train1000_random_s0_lr1e-03_eps1e-04_cfdf9520_20260725T234506Z/config.json,json,False,368
results/rebuttal/gaussian_selected/runs/signed_gaussian_amle_n10_train1000_random_s0_lr1e-03_eps1e-04_cfdf9520_20260725T234506Z/metadata.json,json,False,414
results/rebuttal/gaussian_selected/runs/signed_gaussian_amle_n10_train1000_random_s0_lr1e-03_eps1e-04_cfdf9520_20260725T234858Z/config.json,json,False,368
results/rebuttal/gaussian_selected/runs/signed_gaussian_amle_n10_train1000_random_s0_lr1e-03_eps1e-04_cfdf9520_20260725T234858Z/metadata.json,json,False,414
results/rebuttal/gaussian_selected/runs/signed_gaussian_amle_n10_train1000_random_s0_lr1e-03_eps1e-04_cfdf9520_20260725T234858Z/summary.json,json,False,1743
results/rebuttal/gaussian_selected/runs/signed_gaussian_amle_n10_train1000_random_s1_lr1e-03_eps1e-04_cfdf9520_20260725T234917Z/config.json,json,False,368
results/rebuttal/gaussian_selected/runs/signed_gaussian_amle_n10_train1000_random_s1_lr1e-03_eps1e-04_cfdf9520_20260725T234917Z/metadata.json,json,False,414
results/rebuttal/gaussian_selected/runs/signed_gaussian_amle_n10_train1000_random_s1_lr1e-03_eps1e-04_cfdf9520_20260725T234917Z/summary.json,json,False,1734
results/rebuttal/gaussian_selected/runs/signed_gaussian_amle_n10_train1000_random_s2_lr1e-03_eps1e-04_cfdf9520_20260725T234936Z/config.json,json,False,368
results/rebuttal/gaussian_selected/runs/signed_gaussian_amle_n10_train1000_random_s2_lr1e-03_eps1e-04_cfdf9520_20260725T234936Z/metadata.json,json,False,414
results/rebuttal/gaussian_selected/runs/signed_gaussian_amle_n10_train1000_random_s2_lr1e-03_eps1e-04_cfdf9520_20260725T234936Z/summary.json,json,False,1737
results/rebuttal/gaussian_selected/scalar/digit_sum_gaussian_amle_n10_train1000_lr1e-03_eps1e-04_s0.json,json,True,1297
results/rebuttal/gaussian_selected/scalar/digit_sum_gaussian_amle_n10_train1000_lr1e-03_eps1e-04_s1.json,json,True,1295
results/rebuttal/gaussian_selected/scalar/digit_sum_gaussian_amle_n10_train1000_lr1e-03_eps1e-04_s2.json,json,True,1289
results/rebuttal/gaussian_selected/scalar/signed_gaussian_amle_n10_train1000_cancel_lr1e-03_eps1e-04_s0.json,json,True,1739
results/rebuttal/gaussian_selected/scalar/signed_gaussian_amle_n10_train1000_cancel_lr1e-03_eps1e-04_s1.json,json,True,1738
results/rebuttal/gaussian_selected/scalar/signed_gaussian_amle_n10_train1000_cancel_lr1e-03_eps1e-04_s2.json,json,True,1741
results/rebuttal/gaussian_selected/scalar/signed_gaussian_amle_n10_train1000_random_lr1e-03_eps1e-04_s0.json,json,True,1743
results/rebuttal/gaussian_selected/scalar/signed_gaussian_amle_n10_train1000_random_lr1e-03_eps1e-04_s1.json,json,True,1734
results/rebuttal/gaussian_selected/scalar/signed_gaussian_amle_n10_train1000_random_lr1e-03_eps1e-04_s2.json,json,True,1737
results/rebuttal/gaussian_tuning/digit_sum/digit_sum_gaussian_amle_n10_train1000_lr1e-03_eps1e-02_s999.json,json,True,1294
results/rebuttal/gaussian_tuning/digit_sum/digit_sum_gaussian_amle_n10_train1000_lr1e-03_eps1e-03_s999.json,json,True,1293
results/rebuttal/gaussian_tuning/digit_sum/digit_sum_gaussian_amle_n10_train1000_lr1e-03_eps1e-04_s999.json,json,True,1297
results/rebuttal/gaussian_tuning/digit_sum/digit_sum_gaussian_amle_n10_train1000_lr2e-04_eps1e-02_s999.json,json,True,1299
results/rebuttal/gaussian_tuning/digit_sum/digit_sum_gaussian_amle_n10_train1000_lr2e-04_eps1e-03_s999.json,json,True,1297
results/rebuttal/gaussian_tuning/digit_sum/digit_sum_gaussian_amle_n10_train1000_lr2e-04_eps1e-04_s999.json,json,True,1299
results/rebuttal/gaussian_tuning/digit_sum/digit_sum_gaussian_amle_n10_train1000_s999.json,json,True,1230
results/rebuttal/gaussian_tuning/runs/digit_sum_gaussian_amle_n10_train1000_sum_s999_cfdf9520_20260725T233330Z/config.json,json,False,332
results/rebuttal/gaussian_tuning/runs/digit_sum_gaussian_amle_n10_train1000_sum_s999_cfdf9520_20260725T233330Z/metadata.json,json,False,414
results/rebuttal/gaussian_tuning/runs/digit_sum_gaussian_amle_n10_train1000_sum_s999_cfdf9520_20260725T233330Z/summary.json,json,False,1231
results/rebuttal/gaussian_tuning/runs/digit_sum_gaussian_amle_n10_train1000_sum_s999_cfdf9520_20260725T233434Z/config.json,json,False,331
results/rebuttal/gaussian_tuning/runs/digit_sum_gaussian_amle_n10_train1000_sum_s999_cfdf9520_20260725T233434Z/metadata.json,json,False,414
results/rebuttal/gaussian_tuning/runs/digit_sum_gaussian_amle_n10_train1000_sum_s999_cfdf9520_20260725T233434Z/summary.json,json,False,1231
results/rebuttal/gaussian_tuning/runs/digit_sum_gaussian_amle_n10_train1000_sum_s999_cfdf9520_20260725T233535Z/config.json,json,False,330
results/rebuttal/gaussian_tuning/runs/digit_sum_gaussian_amle_n10_train1000_sum_s999_cfdf9520_20260725T233535Z/metadata.json,json,False,414
results/rebuttal/gaussian_tuning/runs/digit_sum_gaussian_amle_n10_train1000_sum_s999_cfdf9520_20260725T233535Z/summary.json,json,False,1230
results/rebuttal/gaussian_tuning/runs/digit_sum_gaussian_amle_n10_train1000_sum_s999_lr1e-03_eps1e-02_cfdf9520_20260725T234157Z/config.json,json,False,371
results/rebuttal/gaussian_tuning/runs/digit_sum_gaussian_amle_n10_train1000_sum_s999_lr1e-03_eps1e-02_cfdf9520_20260725T234157Z/metadata.json,json,False,414
results/rebuttal/gaussian_tuning/runs/digit_sum_gaussian_amle_n10_train1000_sum_s999_lr1e-03_eps1e-02_cfdf9520_20260725T234157Z/summary.json,json,False,1294
results/rebuttal/gaussian_tuning/runs/digit_sum_gaussian_amle_n10_train1000_sum_s999_lr1e-03_eps1e-03_cfdf9520_20260725T234054Z/config.json,json,False,372
results/rebuttal/gaussian_tuning/runs/digit_sum_gaussian_amle_n10_train1000_sum_s999_lr1e-03_eps1e-03_cfdf9520_20260725T234054Z/metadata.json,json,False,414
results/rebuttal/gaussian_tuning/runs/digit_sum_gaussian_amle_n10_train1000_sum_s999_lr1e-03_eps1e-03_cfdf9520_20260725T234054Z/summary.json,json,False,1293
results/rebuttal/gaussian_tuning/runs/digit_sum_gaussian_amle_n10_train1000_sum_s999_lr1e-03_eps1e-04_cfdf9520_20260725T233812Z/config.json,json,False,373
results/rebuttal/gaussian_tuning/runs/digit_sum_gaussian_amle_n10_train1000_sum_s999_lr1e-03_eps1e-04_cfdf9520_20260725T233812Z/metadata.json,json,False,414
results/rebuttal/gaussian_tuning/runs/digit_sum_gaussian_amle_n10_train1000_sum_s999_lr1e-03_eps1e-04_cfdf9520_20260725T233812Z/summary.json,json,False,1297
results/rebuttal/gaussian_tuning/runs/digit_sum_gaussian_amle_n10_train1000_sum_s999_lr2e-04_eps1e-02_cfdf9520_20260725T234157Z/config.json,json,False,372
results/rebuttal/gaussian_tuning/runs/digit_sum_gaussian_amle_n10_train1000_sum_s999_lr2e-04_eps1e-02_cfdf9520_20260725T234157Z/metadata.json,json,False,414
results/rebuttal/gaussian_tuning/runs/digit_sum_gaussian_amle_n10_train1000_sum_s999_lr2e-04_eps1e-02_cfdf9520_20260725T234157Z/summary.json,json,False,1299
results/rebuttal/gaussian_tuning/runs/digit_sum_gaussian_amle_n10_train1000_sum_s999_lr2e-04_eps1e-03_cfdf9520_20260725T234054Z/config.json,json,False,373
results/rebuttal/gaussian_tuning/runs/digit_sum_gaussian_amle_n10_train1000_sum_s999_lr2e-04_eps1e-03_cfdf9520_20260725T234054Z/metadata.json,json,False,414
results/rebuttal/gaussian_tuning/runs/digit_sum_gaussian_amle_n10_train1000_sum_s999_lr2e-04_eps1e-03_cfdf9520_20260725T234054Z/summary.json,json,False,1297
results/rebuttal/gaussian_tuning/runs/digit_sum_gaussian_amle_n10_train1000_sum_s999_lr2e-04_eps1e-04_cfdf9520_20260725T233812Z/config.json,json,False,374
results/rebuttal/gaussian_tuning/runs/digit_sum_gaussian_amle_n10_train1000_sum_s999_lr2e-04_eps1e-04_cfdf9520_20260725T233812Z/metadata.json,json,False,414
results/rebuttal/gaussian_tuning/runs/digit_sum_gaussian_amle_n10_train1000_sum_s999_lr2e-04_eps1e-04_cfdf9520_20260725T233812Z/summary.json,json,False,1299
results/rebuttal/mse_digit_sum_n10_train1000/mnist_digit_sum_expected_mse_s0.json,json,True,710
results/rebuttal/mse_digit_sum_n10_train1000/mnist_digit_sum_expected_mse_s1.json,json,True,710
results/rebuttal/mse_digit_sum_n10_train1000/mnist_digit_sum_expected_mse_s2.json,json,True,707
results/rebuttal/overnight_4090/pvc_equivalence.json,json,True,329
results/rebuttal/overnight_4090/runs/digit_sum_gaussian_amle_n10_train1000_sum_s0_cfdf9520_20260725T163208Z/config.json,json,False,330
results/rebuttal/overnight_4090/runs/digit_sum_gaussian_amle_n10_train1000_sum_s0_cfdf9520_20260725T163208Z/metadata.json,json,False,414
results/rebuttal/overnight_4090/runs/digit_sum_gaussian_amle_n10_train1000_sum_s0_cfdf9520_20260725T163208Z/summary.json,json,False,1229
results/rebuttal/overnight_4090/runs/digit_sum_gaussian_amle_n10_train1000_sum_s1_cfdf9520_20260725T163223Z/config.json,json,False,330
results/rebuttal/overnight_4090/runs/digit_sum_gaussian_amle_n10_train1000_sum_s1_cfdf9520_20260725T163223Z/metadata.json,json,False,414
results/rebuttal/overnight_4090/runs/digit_sum_gaussian_amle_n10_train1000_sum_s1_cfdf9520_20260725T163223Z/summary.json,json,False,1229
results/rebuttal/overnight_4090/runs/digit_sum_gaussian_amle_n10_train1000_sum_s2_cfdf9520_20260725T163239Z/config.json,json,False,330
results/rebuttal/overnight_4090/runs/digit_sum_gaussian_amle_n10_train1000_sum_s2_cfdf9520_20260725T163239Z/metadata.json,json,False,414
results/rebuttal/overnight_4090/runs/digit_sum_gaussian_amle_n10_train1000_sum_s2_cfdf9520_20260725T163239Z/summary.json,json,False,1228
results/rebuttal/overnight_4090/runs/digit_sum_gaussian_amle_n10_train16_sum_s99_cb9a49e6_20260725T162913Z/config.json,json,False,322
results/rebuttal/overnight_4090/runs/digit_sum_gaussian_amle_n10_train16_sum_s99_cb9a49e6_20260725T162913Z/metadata.json,json,False,414
results/rebuttal/overnight_4090/runs/digit_sum_gaussian_amle_n10_train16_sum_s99_cb9a49e6_20260725T162913Z/summary.json,json,False,1164
results/rebuttal/overnight_4090/runs/signed_gaussian_amle_n10_train1000_cancel_s0_cfdf9520_20260725T163358Z/config.json,json,False,326
results/rebuttal/overnight_4090/runs/signed_gaussian_amle_n10_train1000_cancel_s0_cfdf9520_20260725T163358Z/metadata.json,json,False,414
results/rebuttal/overnight_4090/runs/signed_gaussian_amle_n10_train1000_cancel_s0_cfdf9520_20260725T163358Z/summary.json,json,False,1673
results/rebuttal/overnight_4090/runs/signed_gaussian_amle_n10_train1000_cancel_s1_cfdf9520_20260725T163420Z/config.json,json,False,326
results/rebuttal/overnight_4090/runs/signed_gaussian_amle_n10_train1000_cancel_s1_cfdf9520_20260725T163420Z/metadata.json,json,False,414
results/rebuttal/overnight_4090/runs/signed_gaussian_amle_n10_train1000_cancel_s1_cfdf9520_20260725T163420Z/summary.json,json,False,1670
results/rebuttal/overnight_4090/runs/signed_gaussian_amle_n10_train1000_cancel_s2_cfdf9520_20260725T163444Z/config.json,json,False,326
results/rebuttal/overnight_4090/runs/signed_gaussian_amle_n10_train1000_cancel_s2_cfdf9520_20260725T163444Z/metadata.json,json,False,414
results/rebuttal/overnight_4090/runs/signed_gaussian_amle_n10_train1000_cancel_s2_cfdf9520_20260725T163444Z/summary.json,json,False,1672
results/rebuttal/overnight_4090/runs/signed_gaussian_amle_n10_train1000_random_s0_cfdf9520_20260725T163253Z/config.json,json,False,327
results/rebuttal/overnight_4090/runs/signed_gaussian_amle_n10_train1000_random_s0_cfdf9520_20260725T163253Z/metadata.json,json,False,414
results/rebuttal/overnight_4090/runs/signed_gaussian_amle_n10_train1000_random_s0_cfdf9520_20260725T163253Z/summary.json,json,False,1676
results/rebuttal/overnight_4090/runs/signed_gaussian_amle_n10_train1000_random_s1_cfdf9520_20260725T163314Z/config.json,json,False,327
results/rebuttal/overnight_4090/runs/signed_gaussian_amle_n10_train1000_random_s1_cfdf9520_20260725T163314Z/metadata.json,json,False,414
results/rebuttal/overnight_4090/runs/signed_gaussian_amle_n10_train1000_random_s1_cfdf9520_20260725T163314Z/summary.json,json,False,1656
results/rebuttal/overnight_4090/runs/signed_gaussian_amle_n10_train1000_random_s2_cfdf9520_20260725T163337Z/config.json,json,False,327
results/rebuttal/overnight_4090/runs/signed_gaussian_amle_n10_train1000_random_s2_cfdf9520_20260725T163337Z/metadata.json,json,False,414
results/rebuttal/overnight_4090/runs/signed_gaussian_amle_n10_train1000_random_s2_cfdf9520_20260725T163337Z/summary.json,json,False,1671
results/rebuttal/overnight_4090/runs/signed_gaussian_amle_n10_train16_random_s99_cb9a49e6_20260725T162913Z/config.json,json,False,319
results/rebuttal/overnight_4090/runs/signed_gaussian_amle_n10_train16_random_s99_cb9a49e6_20260725T162913Z/metadata.json,json,False,414
results/rebuttal/overnight_4090/runs/signed_gaussian_amle_n10_train16_random_s99_cb9a49e6_20260725T162913Z/summary.json,json,False,1564
results/rebuttal/overnight_4090/scalar/digit_sum_gaussian_amle_n10_train1000_s0.json,json,True,1229
results/rebuttal/overnight_4090/scalar/digit_sum_gaussian_amle_n10_train1000_s1.json,json,True,1229
results/rebuttal/overnight_4090/scalar/digit_sum_gaussian_amle_n10_train1000_s2.json,json,True,1228
results/rebuttal/overnight_4090/scalar/signed_gaussian_amle_n10_train1000_cancel_s0.json,json,True,1673
results/rebuttal/overnight_4090/scalar/signed_gaussian_amle_n10_train1000_cancel_s1.json,json,True,1670
results/rebuttal/overnight_4090/scalar/signed_gaussian_amle_n10_train1000_cancel_s2.json,json,True,1672
results/rebuttal/overnight_4090/scalar/signed_gaussian_amle_n10_train1000_random_s0.json,json,True,1676
results/rebuttal/overnight_4090/scalar/signed_gaussian_amle_n10_train1000_random_s1.json,json,True,1656
results/rebuttal/overnight_4090/scalar/signed_gaussian_amle_n10_train1000_random_s2.json,json,True,1671
results/rebuttal/overnight_4090/smoke_scalar/digit_sum_gaussian_amle_n10_train16_s99.json,json,True,1164
results/rebuttal/overnight_4090/smoke_scalar/signed_gaussian_amle_n10_train16_random_s99.json,json,True,1564
results/rebuttal/pvc_verdict.json,json,True,2444
results/rebuttal/all_runs.csv,csv,True,18774
results/rebuttal/gaussian_tuning/digit_sum_grid_summary.csv,csv,True,2221
results/rebuttal/overnight_4090/summary.csv,csv,True,3293
results/rebuttal/scalar_audit_per_seed.csv,csv,True,8300
results/rebuttal/scalar_audit_summary.csv,csv,True,3321
results/rebuttal/final_equivalence.md,md,True,1238
results/rebuttal/final_fixed_bag_cifar.md,md,True,6472
results/rebuttal/final_scalar_baselines.md,md,True,6159
results/rebuttal/overnight_4090/failures.md,md,True,37
results/rebuttal/overnight_4090/rebuttal_tables.md,md,True,2571
results/rebuttal/overnight_4090/run_inventory.md,md,True,582
