path,task,method,seed,protocol_tag,git_commit,config_hash,train_manifest_hash,val_manifest_hash,test_manifest_hash,run_dir
results/rebuttal/4090_strictv3/cifar_fixed/cifar10_ce_kl_s0.json,,ce_kl,0,strictv3_train_holdout_val_official_test_no_hidden_val,be75f6f1e9a68411e9014c665ba0201e830c70ee,675b1cdf7a5ee5d35e5d94efa6e36c6d2b3b048f291da68f8c7b3d04a2a0dacc,84264ec230d08f1f952311ffbaf30bf1c9f282f99aca99f87dc4a110dd313e70,6ec336242c3891a8d3995b4abbe95160d5c44877ba8e475cde36fcf467b06545,1df4de356124b00f436f867c540f921c5cffb95f1f5969519f100822181ef9f2,results/rebuttal/4090_strictv3/cifar_fixed/runs/cifar10_ce_kl_s0_strictv3_train_holdout_val_official_test_no_hidden_val_675b1cdf7a5e_be75f6f1_20260726T145649Z
results/rebuttal/4090_strictv3/cifar_fixed/cifar10_ce_kl_s1.json,,ce_kl,1,strictv3_train_holdout_val_official_test_no_hidden_val,be75f6f1e9a68411e9014c665ba0201e830c70ee,412945f2308f9f6e5a131f8e3872e7b0785c527c129837e1ff734a41bdcb9b80,d5a2d3bb972e1ed027a12eaa37c184ecc5445778bc4c16d8b059d2ade7e8ecbc,e490f2051bd33dd6f858889cf3a2f74e889bef03adf5137296e4a8841096966d,4a4e8bbcccbd8fe60ba2ca79555c87a3957f4e228941d7e71078d8411771b989,results/rebuttal/4090_strictv3/cifar_fixed/runs/cifar10_ce_kl_s1_strictv3_train_holdout_val_official_test_no_hidden_val_412945f2308f_be75f6f1_20260726T145338Z
results/rebuttal/4090_strictv3/cifar_fixed/cifar10_ce_kl_s2.json,,ce_kl,2,strictv3_train_holdout_val_official_test_no_hidden_val,be75f6f1e9a68411e9014c665ba0201e830c70ee,d929bbcb3135b5ab9a38472006b1261c6272c1b0027dffd7f0254f9ec57fa255,a617a8411c5b867bc3df630cb293d9d04715d17ee70d9590c40fa87e169890f8,e69849e3b9ec25dc862b7828915301f901483ab06d9c1bde8d1f813a44f8b142,4f2af67cecc197970467aaa4209568baeff794f17023361901ccfefe99e0b31c,results/rebuttal/4090_strictv3/cifar_fixed/runs/cifar10_ce_kl_s2_strictv3_train_holdout_val_official_test_no_hidden_val_d929bbcb3135_be75f6f1_20260726T145108Z
results/rebuttal/4090_strictv3/cifar_fixed/cifar10_fsconv_count_s0.json,,fsconv_count,0,strictv3_train_holdout_val_official_test_no_hidden_val,be75f6f1e9a68411e9014c665ba0201e830c70ee,fccaa5f611b16612e973cbcf4b3acd46ac4c6974fae065d60403209e61f654a2,84264ec230d08f1f952311ffbaf30bf1c9f282f99aca99f87dc4a110dd313e70,6ec336242c3891a8d3995b4abbe95160d5c44877ba8e475cde36fcf467b06545,1df4de356124b00f436f867c540f921c5cffb95f1f5969519f100822181ef9f2,results/rebuttal/4090_strictv3/cifar_fixed/runs/cifar10_fsconv_count_s0_strictv3_train_holdout_val_official_test_no_hidden_val_fccaa5f611b1_be75f6f1_20260726T145703Z
results/rebuttal/4090_strictv3/cifar_fixed/cifar10_fsconv_count_s1.json,,fsconv_count,1,strictv3_train_holdout_val_official_test_no_hidden_val,be75f6f1e9a68411e9014c665ba0201e830c70ee,393f9c2d0ae0c54b9dee21ff9b494c867ccb073cd4b081fff00cca93b6b57fd9,d5a2d3bb972e1ed027a12eaa37c184ecc5445778bc4c16d8b059d2ade7e8ecbc,e490f2051bd33dd6f858889cf3a2f74e889bef03adf5137296e4a8841096966d,4a4e8bbcccbd8fe60ba2ca79555c87a3957f4e228941d7e71078d8411771b989,results/rebuttal/4090_strictv3/cifar_fixed/runs/cifar10_fsconv_count_s1_strictv3_train_holdout_val_official_test_no_hidden_val_393f9c2d0ae0_be75f6f1_20260726T145409Z
results/rebuttal/4090_strictv3/cifar_fixed/cifar10_fsconv_count_s2.json,,fsconv_count,2,strictv3_train_holdout_val_official_test_no_hidden_val,be75f6f1e9a68411e9014c665ba0201e830c70ee,983eb14adecd2237a3183a84f5b397333fd4d9efc4f17e638f1184f87972ce97,a617a8411c5b867bc3df630cb293d9d04715d17ee70d9590c40fa87e169890f8,e69849e3b9ec25dc862b7828915301f901483ab06d9c1bde8d1f813a44f8b142,4f2af67cecc197970467aaa4209568baeff794f17023361901ccfefe99e0b31c,results/rebuttal/4090_strictv3/cifar_fixed/runs/cifar10_fsconv_count_s2_strictv3_train_holdout_val_official_test_no_hidden_val_983eb14adecd_be75f6f1_20260726T145207Z
results/rebuttal/4090_strictv3/cifar_fixed/cifar10_official_llp_pvc_s0.json,,official_llp_pvc,0,strictv3_train_holdout_val_official_test_no_hidden_val,be75f6f1e9a68411e9014c665ba0201e830c70ee,0e9ca3e757cc1a8136add7ce99715318e8efc5665ecadffe31ea1682d2a3834f,84264ec230d08f1f952311ffbaf30bf1c9f282f99aca99f87dc4a110dd313e70,6ec336242c3891a8d3995b4abbe95160d5c44877ba8e475cde36fcf467b06545,1df4de356124b00f436f867c540f921c5cffb95f1f5969519f100822181ef9f2,results/rebuttal/4090_strictv3/cifar_fixed/runs/cifar10_official_llp_pvc_s0_strictv3_train_holdout_val_official_test_no_hidden_val_0e9ca3e757cc_be75f6f1_20260726T145724Z
results/rebuttal/4090_strictv3/cifar_fixed/cifar10_official_llp_pvc_s1.json,,official_llp_pvc,1,strictv3_train_holdout_val_official_test_no_hidden_val,be75f6f1e9a68411e9014c665ba0201e830c70ee,6b95884b99e3fa2bc25bd0796ed7c590148a85f9e3ebc18bf2b6e4a3cc70ded9,d5a2d3bb972e1ed027a12eaa37c184ecc5445778bc4c16d8b059d2ade7e8ecbc,e490f2051bd33dd6f858889cf3a2f74e889bef03adf5137296e4a8841096966d,4a4e8bbcccbd8fe60ba2ca79555c87a3957f4e228941d7e71078d8411771b989,results/rebuttal/4090_strictv3/cifar_fixed/runs/cifar10_official_llp_pvc_s1_strictv3_train_holdout_val_official_test_no_hidden_val_6b95884b99e3_be75f6f1_20260726T145452Z
results/rebuttal/4090_strictv3/cifar_fixed/cifar10_official_llp_pvc_s2.json,,official_llp_pvc,2,strictv3_train_holdout_val_official_test_no_hidden_val,be75f6f1e9a68411e9014c665ba0201e830c70ee,c84214c39c6301e907c60b30db8d561146c4f7b0cf681b4eae75091f42fbee8d,a617a8411c5b867bc3df630cb293d9d04715d17ee70d9590c40fa87e169890f8,e69849e3b9ec25dc862b7828915301f901483ab06d9c1bde8d1f813a44f8b142,4f2af67cecc197970467aaa4209568baeff794f17023361901ccfefe99e0b31c,results/rebuttal/4090_strictv3/cifar_fixed/runs/cifar10_official_llp_pvc_s2_strictv3_train_holdout_val_official_test_no_hidden_val_c84214c39c63_be75f6f1_20260726T145314Z
results/rebuttal/4090_strictv3/cifar_fixed/manifests/seed0_n64_train250_strictv3_train_holdout_val_official_test_no_hidden_val/test_manifest.json,,,,,,,,,,
results/rebuttal/4090_strictv3/cifar_fixed/manifests/seed0_n64_train250_strictv3_train_holdout_val_official_test_no_hidden_val/train_manifest.json,,,,,,,,,,
results/rebuttal/4090_strictv3/cifar_fixed/manifests/seed0_n64_train250_strictv3_train_holdout_val_official_test_no_hidden_val/val_manifest.json,,,,,,,,,,
results/rebuttal/4090_strictv3/cifar_fixed/manifests/seed1_n64_train250_strictv3_train_holdout_val_official_test_no_hidden_val/test_manifest.json,,,,,,,,,,
results/rebuttal/4090_strictv3/cifar_fixed/manifests/seed1_n64_train250_strictv3_train_holdout_val_official_test_no_hidden_val/train_manifest.json,,,,,,,,,,
results/rebuttal/4090_strictv3/cifar_fixed/manifests/seed1_n64_train250_strictv3_train_holdout_val_official_test_no_hidden_val/val_manifest.json,,,,,,,,,,
results/rebuttal/4090_strictv3/cifar_fixed/manifests/seed2_n64_train250_strictv3_train_holdout_val_official_test_no_hidden_val/test_manifest.json,,,,,,,,,,
results/rebuttal/4090_strictv3/cifar_fixed/manifests/seed2_n64_train250_strictv3_train_holdout_val_official_test_no_hidden_val/train_manifest.json,,,,,,,,,,
results/rebuttal/4090_strictv3/cifar_fixed/manifests/seed2_n64_train250_strictv3_train_holdout_val_official_test_no_hidden_val/val_manifest.json,,,,,,,,,,
results/rebuttal/4090_strictv3/cifar_fixed/manifests/seed999_n64_train250_strictv3_train_holdout_val_official_test_no_hidden_val/test_manifest.json,,,,,,,,,,
results/rebuttal/4090_strictv3/cifar_fixed/manifests/seed999_n64_train250_strictv3_train_holdout_val_official_test_no_hidden_val/train_manifest.json,,,,,,,,,,
results/rebuttal/4090_strictv3/cifar_fixed/manifests/seed999_n64_train250_strictv3_train_holdout_val_official_test_no_hidden_val/val_manifest.json,,,,,,,,,,
results/rebuttal/4090_strictv3/cifar_fixed/manifests/splits/cifar10_train_holdout_seed271828.json,,,,,,,,,,
results/rebuttal/4090_strictv3/cifar_fixed/runs/cifar10_ce_kl_s0_strictv3_train_holdout_val_official_test_no_hidden_val_675b1cdf7a5e_be75f6f1_20260726T145649Z/config.json,,,,,,,,,,
results/rebuttal/4090_strictv3/cifar_fixed/runs/cifar10_ce_kl_s0_strictv3_train_holdout_val_official_test_no_hidden_val_675b1cdf7a5e_be75f6f1_20260726T145649Z/metadata.json,,,,,,,,,,
results/rebuttal/4090_strictv3/cifar_fixed/runs/cifar10_ce_kl_s0_strictv3_train_holdout_val_official_test_no_hidden_val_675b1cdf7a5e_be75f6f1_20260726T145649Z/summary.json,,ce_kl,0,strictv3_train_holdout_val_official_test_no_hidden_val,be75f6f1e9a68411e9014c665ba0201e830c70ee,675b1cdf7a5ee5d35e5d94efa6e36c6d2b3b048f291da68f8c7b3d04a2a0dacc,84264ec230d08f1f952311ffbaf30bf1c9f282f99aca99f87dc4a110dd313e70,6ec336242c3891a8d3995b4abbe95160d5c44877ba8e475cde36fcf467b06545,1df4de356124b00f436f867c540f921c5cffb95f1f5969519f100822181ef9f2,results/rebuttal/4090_strictv3/cifar_fixed/runs/cifar10_ce_kl_s0_strictv3_train_holdout_val_official_test_no_hidden_val_675b1cdf7a5e_be75f6f1_20260726T145649Z
results/rebuttal/4090_strictv3/cifar_fixed/runs/cifar10_ce_kl_s1_strictv3_train_holdout_val_official_test_no_hidden_val_412945f2308f_be75f6f1_20260726T145338Z/config.json,,,,,,,,,,
results/rebuttal/4090_strictv3/cifar_fixed/runs/cifar10_ce_kl_s1_strictv3_train_holdout_val_official_test_no_hidden_val_412945f2308f_be75f6f1_20260726T145338Z/metadata.json,,,,,,,,,,
results/rebuttal/4090_strictv3/cifar_fixed/runs/cifar10_ce_kl_s1_strictv3_train_holdout_val_official_test_no_hidden_val_412945f2308f_be75f6f1_20260726T145338Z/summary.json,,ce_kl,1,strictv3_train_holdout_val_official_test_no_hidden_val,be75f6f1e9a68411e9014c665ba0201e830c70ee,412945f2308f9f6e5a131f8e3872e7b0785c527c129837e1ff734a41bdcb9b80,d5a2d3bb972e1ed027a12eaa37c184ecc5445778bc4c16d8b059d2ade7e8ecbc,e490f2051bd33dd6f858889cf3a2f74e889bef03adf5137296e4a8841096966d,4a4e8bbcccbd8fe60ba2ca79555c87a3957f4e228941d7e71078d8411771b989,results/rebuttal/4090_strictv3/cifar_fixed/runs/cifar10_ce_kl_s1_strictv3_train_holdout_val_official_test_no_hidden_val_412945f2308f_be75f6f1_20260726T145338Z
results/rebuttal/4090_strictv3/cifar_fixed/runs/cifar10_ce_kl_s2_strictv3_train_holdout_val_official_test_no_hidden_val_d929bbcb3135_be75f6f1_20260726T145108Z/config.json,,,,,,,,,,
results/rebuttal/4090_strictv3/cifar_fixed/runs/cifar10_ce_kl_s2_strictv3_train_holdout_val_official_test_no_hidden_val_d929bbcb3135_be75f6f1_20260726T145108Z/metadata.json,,,,,,,,,,
results/rebuttal/4090_strictv3/cifar_fixed/runs/cifar10_ce_kl_s2_strictv3_train_holdout_val_official_test_no_hidden_val_d929bbcb3135_be75f6f1_20260726T145108Z/summary.json,,ce_kl,2,strictv3_train_holdout_val_official_test_no_hidden_val,be75f6f1e9a68411e9014c665ba0201e830c70ee,d929bbcb3135b5ab9a38472006b1261c6272c1b0027dffd7f0254f9ec57fa255,a617a8411c5b867bc3df630cb293d9d04715d17ee70d9590c40fa87e169890f8,e69849e3b9ec25dc862b7828915301f901483ab06d9c1bde8d1f813a44f8b142,4f2af67cecc197970467aaa4209568baeff794f17023361901ccfefe99e0b31c,results/rebuttal/4090_strictv3/cifar_fixed/runs/cifar10_ce_kl_s2_strictv3_train_holdout_val_official_test_no_hidden_val_d929bbcb3135_be75f6f1_20260726T145108Z
results/rebuttal/4090_strictv3/cifar_fixed/runs/cifar10_fsconv_count_s0_strictv3_train_holdout_val_official_test_no_hidden_val_fccaa5f611b1_be75f6f1_20260726T145703Z/config.json,,,,,,,,,,
results/rebuttal/4090_strictv3/cifar_fixed/runs/cifar10_fsconv_count_s0_strictv3_train_holdout_val_official_test_no_hidden_val_fccaa5f611b1_be75f6f1_20260726T145703Z/metadata.json,,,,,,,,,,
results/rebuttal/4090_strictv3/cifar_fixed/runs/cifar10_fsconv_count_s0_strictv3_train_holdout_val_official_test_no_hidden_val_fccaa5f611b1_be75f6f1_20260726T145703Z/summary.json,,fsconv_count,0,strictv3_train_holdout_val_official_test_no_hidden_val,be75f6f1e9a68411e9014c665ba0201e830c70ee,fccaa5f611b16612e973cbcf4b3acd46ac4c6974fae065d60403209e61f654a2,84264ec230d08f1f952311ffbaf30bf1c9f282f99aca99f87dc4a110dd313e70,6ec336242c3891a8d3995b4abbe95160d5c44877ba8e475cde36fcf467b06545,1df4de356124b00f436f867c540f921c5cffb95f1f5969519f100822181ef9f2,results/rebuttal/4090_strictv3/cifar_fixed/runs/cifar10_fsconv_count_s0_strictv3_train_holdout_val_official_test_no_hidden_val_fccaa5f611b1_be75f6f1_20260726T145703Z
results/rebuttal/4090_strictv3/cifar_fixed/runs/cifar10_fsconv_count_s1_strictv3_train_holdout_val_official_test_no_hidden_val_393f9c2d0ae0_be75f6f1_20260726T145409Z/config.json,,,,,,,,,,
results/rebuttal/4090_strictv3/cifar_fixed/runs/cifar10_fsconv_count_s1_strictv3_train_holdout_val_official_test_no_hidden_val_393f9c2d0ae0_be75f6f1_20260726T145409Z/metadata.json,,,,,,,,,,
results/rebuttal/4090_strictv3/cifar_fixed/runs/cifar10_fsconv_count_s1_strictv3_train_holdout_val_official_test_no_hidden_val_393f9c2d0ae0_be75f6f1_20260726T145409Z/summary.json,,fsconv_count,1,strictv3_train_holdout_val_official_test_no_hidden_val,be75f6f1e9a68411e9014c665ba0201e830c70ee,393f9c2d0ae0c54b9dee21ff9b494c867ccb073cd4b081fff00cca93b6b57fd9,d5a2d3bb972e1ed027a12eaa37c184ecc5445778bc4c16d8b059d2ade7e8ecbc,e490f2051bd33dd6f858889cf3a2f74e889bef03adf5137296e4a8841096966d,4a4e8bbcccbd8fe60ba2ca79555c87a3957f4e228941d7e71078d8411771b989,results/rebuttal/4090_strictv3/cifar_fixed/runs/cifar10_fsconv_count_s1_strictv3_train_holdout_val_official_test_no_hidden_val_393f9c2d0ae0_be75f6f1_20260726T145409Z
results/rebuttal/4090_strictv3/cifar_fixed/runs/cifar10_fsconv_count_s2_strictv3_train_holdout_val_official_test_no_hidden_val_983eb14adecd_be75f6f1_20260726T145207Z/config.json,,,,,,,,,,
results/rebuttal/4090_strictv3/cifar_fixed/runs/cifar10_fsconv_count_s2_strictv3_train_holdout_val_official_test_no_hidden_val_983eb14adecd_be75f6f1_20260726T145207Z/metadata.json,,,,,,,,,,
results/rebuttal/4090_strictv3/cifar_fixed/runs/cifar10_fsconv_count_s2_strictv3_train_holdout_val_official_test_no_hidden_val_983eb14adecd_be75f6f1_20260726T145207Z/summary.json,,fsconv_count,2,strictv3_train_holdout_val_official_test_no_hidden_val,be75f6f1e9a68411e9014c665ba0201e830c70ee,983eb14adecd2237a3183a84f5b397333fd4d9efc4f17e638f1184f87972ce97,a617a8411c5b867bc3df630cb293d9d04715d17ee70d9590c40fa87e169890f8,e69849e3b9ec25dc862b7828915301f901483ab06d9c1bde8d1f813a44f8b142,4f2af67cecc197970467aaa4209568baeff794f17023361901ccfefe99e0b31c,results/rebuttal/4090_strictv3/cifar_fixed/runs/cifar10_fsconv_count_s2_strictv3_train_holdout_val_official_test_no_hidden_val_983eb14adecd_be75f6f1_20260726T145207Z
results/rebuttal/4090_strictv3/cifar_fixed/runs/cifar10_official_llp_pvc_s0_strictv3_train_holdout_val_official_test_no_hidden_val_0e9ca3e757cc_be75f6f1_20260726T145724Z/config.json,,,,,,,,,,
results/rebuttal/4090_strictv3/cifar_fixed/runs/cifar10_official_llp_pvc_s0_strictv3_train_holdout_val_official_test_no_hidden_val_0e9ca3e757cc_be75f6f1_20260726T145724Z/metadata.json,,,,,,,,,,
results/rebuttal/4090_strictv3/cifar_fixed/runs/cifar10_official_llp_pvc_s0_strictv3_train_holdout_val_official_test_no_hidden_val_0e9ca3e757cc_be75f6f1_20260726T145724Z/summary.json,,official_llp_pvc,0,strictv3_train_holdout_val_official_test_no_hidden_val,be75f6f1e9a68411e9014c665ba0201e830c70ee,0e9ca3e757cc1a8136add7ce99715318e8efc5665ecadffe31ea1682d2a3834f,84264ec230d08f1f952311ffbaf30bf1c9f282f99aca99f87dc4a110dd313e70,6ec336242c3891a8d3995b4abbe95160d5c44877ba8e475cde36fcf467b06545,1df4de356124b00f436f867c540f921c5cffb95f1f5969519f100822181ef9f2,results/rebuttal/4090_strictv3/cifar_fixed/runs/cifar10_official_llp_pvc_s0_strictv3_train_holdout_val_official_test_no_hidden_val_0e9ca3e757cc_be75f6f1_20260726T145724Z
results/rebuttal/4090_strictv3/cifar_fixed/runs/cifar10_official_llp_pvc_s1_strictv3_train_holdout_val_official_test_no_hidden_val_6b95884b99e3_be75f6f1_20260726T145452Z/config.json,,,,,,,,,,
results/rebuttal/4090_strictv3/cifar_fixed/runs/cifar10_official_llp_pvc_s1_strictv3_train_holdout_val_official_test_no_hidden_val_6b95884b99e3_be75f6f1_20260726T145452Z/metadata.json,,,,,,,,,,
results/rebuttal/4090_strictv3/cifar_fixed/runs/cifar10_official_llp_pvc_s1_strictv3_train_holdout_val_official_test_no_hidden_val_6b95884b99e3_be75f6f1_20260726T145452Z/summary.json,,official_llp_pvc,1,strictv3_train_holdout_val_official_test_no_hidden_val,be75f6f1e9a68411e9014c665ba0201e830c70ee,6b95884b99e3fa2bc25bd0796ed7c590148a85f9e3ebc18bf2b6e4a3cc70ded9,d5a2d3bb972e1ed027a12eaa37c184ecc5445778bc4c16d8b059d2ade7e8ecbc,e490f2051bd33dd6f858889cf3a2f74e889bef03adf5137296e4a8841096966d,4a4e8bbcccbd8fe60ba2ca79555c87a3957f4e228941d7e71078d8411771b989,results/rebuttal/4090_strictv3/cifar_fixed/runs/cifar10_official_llp_pvc_s1_strictv3_train_holdout_val_official_test_no_hidden_val_6b95884b99e3_be75f6f1_20260726T145452Z
results/rebuttal/4090_strictv3/cifar_fixed/runs/cifar10_official_llp_pvc_s2_strictv3_train_holdout_val_official_test_no_hidden_val_c84214c39c63_be75f6f1_20260726T145314Z/config.json,,,,,,,,,,
results/rebuttal/4090_strictv3/cifar_fixed/runs/cifar10_official_llp_pvc_s2_strictv3_train_holdout_val_official_test_no_hidden_val_c84214c39c63_be75f6f1_20260726T145314Z/metadata.json,,,,,,,,,,
results/rebuttal/4090_strictv3/cifar_fixed/runs/cifar10_official_llp_pvc_s2_strictv3_train_holdout_val_official_test_no_hidden_val_c84214c39c63_be75f6f1_20260726T145314Z/summary.json,,official_llp_pvc,2,strictv3_train_holdout_val_official_test_no_hidden_val,be75f6f1e9a68411e9014c665ba0201e830c70ee,c84214c39c6301e907c60b30db8d561146c4f7b0cf681b4eae75091f42fbee8d,a617a8411c5b867bc3df630cb293d9d04715d17ee70d9590c40fa87e169890f8,e69849e3b9ec25dc862b7828915301f901483ab06d9c1bde8d1f813a44f8b142,4f2af67cecc197970467aaa4209568baeff794f17023361901ccfefe99e0b31c,results/rebuttal/4090_strictv3/cifar_fixed/runs/cifar10_official_llp_pvc_s2_strictv3_train_holdout_val_official_test_no_hidden_val_c84214c39c63_be75f6f1_20260726T145314Z
results/rebuttal/4090_strictv3/digit_sum/digit_sum_fsconv_s0.json,digit_sum,fsconv,0,strictv3_train_holdout_val_official_test_no_hidden_val,be75f6f1e9a68411e9014c665ba0201e830c70ee,337832780e2bc515ef3d3a7dd9142bf6d372d1b826901d9521ddd63e4a3808f1,6f27bf206533116bb5c71f3b1b9b2351c8fc41df8571105488bea59bd662652d,497e9bf7de4c6b3d1cfb49d726c43ade7803652910ebf137a51312ff52d45c64,33f1ed7cfc59f76d2c0c445ac27634a288b5c41bc3351c2368aab5f055c2afe9,results/rebuttal/4090_strictv3/digit_sum/digit_sum_fsconv_s0_strictv3_train_holdout_val_official_test_no_hidden_val_337832780e2b_be75f6f1_20260726T121915Z
results/rebuttal/4090_strictv3/digit_sum/digit_sum_fsconv_s0_strictv3_train_holdout_val_official_test_no_hidden_val_337832780e2b_be75f6f1_20260726T121915Z/config.json,,,,,,,,,,
results/rebuttal/4090_strictv3/digit_sum/digit_sum_fsconv_s0_strictv3_train_holdout_val_official_test_no_hidden_val_337832780e2b_be75f6f1_20260726T121915Z/metadata.json,,,,,,,,,,
results/rebuttal/4090_strictv3/digit_sum/digit_sum_fsconv_s0_strictv3_train_holdout_val_official_test_no_hidden_val_337832780e2b_be75f6f1_20260726T121915Z/summary.json,digit_sum,fsconv,0,strictv3_train_holdout_val_official_test_no_hidden_val,be75f6f1e9a68411e9014c665ba0201e830c70ee,337832780e2bc515ef3d3a7dd9142bf6d372d1b826901d9521ddd63e4a3808f1,6f27bf206533116bb5c71f3b1b9b2351c8fc41df8571105488bea59bd662652d,497e9bf7de4c6b3d1cfb49d726c43ade7803652910ebf137a51312ff52d45c64,33f1ed7cfc59f76d2c0c445ac27634a288b5c41bc3351c2368aab5f055c2afe9,results/rebuttal/4090_strictv3/digit_sum/digit_sum_fsconv_s0_strictv3_train_holdout_val_official_test_no_hidden_val_337832780e2b_be75f6f1_20260726T121915Z
results/rebuttal/4090_strictv3/digit_sum/digit_sum_fsconv_s1.json,digit_sum,fsconv,1,strictv3_train_holdout_val_official_test_no_hidden_val,be75f6f1e9a68411e9014c665ba0201e830c70ee,c513cf6e505ac3768da73d3ea374b0ae024e319e0d6e749730186ff2d725dde3,e51efee5b23da954d99f14738d97f96172c6fe2d1b9018ca304dd5813ba393cb,5abe6d0f71cdc2fd3bccf786aaf6d3151583f8fb5ed14e98482f180c5f94df89,fff6f1446e3ad1b1f17baa7b6b0218c8d021abc5ccf1a8b8b94eb622df3d62cc,results/rebuttal/4090_strictv3/digit_sum/digit_sum_fsconv_s1_strictv3_train_holdout_val_official_test_no_hidden_val_c513cf6e505a_be75f6f1_20260726T124116Z
results/rebuttal/4090_strictv3/digit_sum/digit_sum_fsconv_s1_strictv3_train_holdout_val_official_test_no_hidden_val_c513cf6e505a_be75f6f1_20260726T124116Z/config.json,,,,,,,,,,
results/rebuttal/4090_strictv3/digit_sum/digit_sum_fsconv_s1_strictv3_train_holdout_val_official_test_no_hidden_val_c513cf6e505a_be75f6f1_20260726T124116Z/metadata.json,,,,,,,,,,
results/rebuttal/4090_strictv3/digit_sum/digit_sum_fsconv_s1_strictv3_train_holdout_val_official_test_no_hidden_val_c513cf6e505a_be75f6f1_20260726T124116Z/summary.json,digit_sum,fsconv,1,strictv3_train_holdout_val_official_test_no_hidden_val,be75f6f1e9a68411e9014c665ba0201e830c70ee,c513cf6e505ac3768da73d3ea374b0ae024e319e0d6e749730186ff2d725dde3,e51efee5b23da954d99f14738d97f96172c6fe2d1b9018ca304dd5813ba393cb,5abe6d0f71cdc2fd3bccf786aaf6d3151583f8fb5ed14e98482f180c5f94df89,fff6f1446e3ad1b1f17baa7b6b0218c8d021abc5ccf1a8b8b94eb622df3d62cc,results/rebuttal/4090_strictv3/digit_sum/digit_sum_fsconv_s1_strictv3_train_holdout_val_official_test_no_hidden_val_c513cf6e505a_be75f6f1_20260726T124116Z
results/rebuttal/4090_strictv3/digit_sum/digit_sum_fsconv_s2.json,digit_sum,fsconv,2,strictv3_train_holdout_val_official_test_no_hidden_val,be75f6f1e9a68411e9014c665ba0201e830c70ee,dadd2b34fa53402e434a24a166a4e4094f5b4501fd74a54085e69a2555140396,4d95c49dd1f1a9e1147f10ac7496a8319daeab8ae60d551f35d7f16a06b4bae7,211f277d12955adaa80fcb4be59782e66e07bc6337f2b7304c406f24b026a77e,40b53f1106be2f54a9902e726f3598c631b1d47d8496e1e54ba5f6354433b81a,results/rebuttal/4090_strictv3/digit_sum/digit_sum_fsconv_s2_strictv3_train_holdout_val_official_test_no_hidden_val_dadd2b34fa53_be75f6f1_20260726T125631Z
results/rebuttal/4090_strictv3/digit_sum/digit_sum_fsconv_s2_strictv3_train_holdout_val_official_test_no_hidden_val_dadd2b34fa53_be75f6f1_20260726T125631Z/config.json,,,,,,,,,,
results/rebuttal/4090_strictv3/digit_sum/digit_sum_fsconv_s2_strictv3_train_holdout_val_official_test_no_hidden_val_dadd2b34fa53_be75f6f1_20260726T125631Z/metadata.json,,,,,,,,,,
results/rebuttal/4090_strictv3/digit_sum/digit_sum_fsconv_s2_strictv3_train_holdout_val_official_test_no_hidden_val_dadd2b34fa53_be75f6f1_20260726T125631Z/summary.json,digit_sum,fsconv,2,strictv3_train_holdout_val_official_test_no_hidden_val,be75f6f1e9a68411e9014c665ba0201e830c70ee,dadd2b34fa53402e434a24a166a4e4094f5b4501fd74a54085e69a2555140396,4d95c49dd1f1a9e1147f10ac7496a8319daeab8ae60d551f35d7f16a06b4bae7,211f277d12955adaa80fcb4be59782e66e07bc6337f2b7304c406f24b026a77e,40b53f1106be2f54a9902e726f3598c631b1d47d8496e1e54ba5f6354433b81a,results/rebuttal/4090_strictv3/digit_sum/digit_sum_fsconv_s2_strictv3_train_holdout_val_official_test_no_hidden_val_dadd2b34fa53_be75f6f1_20260726T125631Z
results/rebuttal/4090_strictv3/digit_sum/digit_sum_gaussian_amle_s0.json,digit_sum,gaussian_amle,0,strictv3_train_holdout_val_official_test_no_hidden_val,be75f6f1e9a68411e9014c665ba0201e830c70ee,5a01b91f043173fb03d872ad073137e2590f9626d4753e152fcbed45a0e90686,6f27bf206533116bb5c71f3b1b9b2351c8fc41df8571105488bea59bd662652d,497e9bf7de4c6b3d1cfb49d726c43ade7803652910ebf137a51312ff52d45c64,33f1ed7cfc59f76d2c0c445ac27634a288b5c41bc3351c2368aab5f055c2afe9,results/rebuttal/4090_strictv3/digit_sum/digit_sum_gaussian_amle_s0_strictv3_train_holdout_val_official_test_no_hidden_val_5a01b91f0431_be75f6f1_20260726T131030Z
results/rebuttal/4090_strictv3/digit_sum/digit_sum_gaussian_amle_s0_strictv3_train_holdout_val_official_test_no_hidden_val_5a01b91f0431_be75f6f1_20260726T131030Z/config.json,,,,,,,,,,
results/rebuttal/4090_strictv3/digit_sum/digit_sum_gaussian_amle_s0_strictv3_train_holdout_val_official_test_no_hidden_val_5a01b91f0431_be75f6f1_20260726T131030Z/metadata.json,,,,,,,,,,
results/rebuttal/4090_strictv3/digit_sum/digit_sum_gaussian_amle_s0_strictv3_train_holdout_val_official_test_no_hidden_val_5a01b91f0431_be75f6f1_20260726T131030Z/summary.json,digit_sum,gaussian_amle,0,strictv3_train_holdout_val_official_test_no_hidden_val,be75f6f1e9a68411e9014c665ba0201e830c70ee,5a01b91f043173fb03d872ad073137e2590f9626d4753e152fcbed45a0e90686,6f27bf206533116bb5c71f3b1b9b2351c8fc41df8571105488bea59bd662652d,497e9bf7de4c6b3d1cfb49d726c43ade7803652910ebf137a51312ff52d45c64,33f1ed7cfc59f76d2c0c445ac27634a288b5c41bc3351c2368aab5f055c2afe9,results/rebuttal/4090_strictv3/digit_sum/digit_sum_gaussian_amle_s0_strictv3_train_holdout_val_official_test_no_hidden_val_5a01b91f0431_be75f6f1_20260726T131030Z
results/rebuttal/4090_strictv3/digit_sum/digit_sum_gaussian_amle_s1.json,digit_sum,gaussian_amle,1,strictv3_train_holdout_val_official_test_no_hidden_val,be75f6f1e9a68411e9014c665ba0201e830c70ee,6ce6abacdb255a3a78b4306707260338122fe202b5df1d329877a054bf4c13af,e51efee5b23da954d99f14738d97f96172c6fe2d1b9018ca304dd5813ba393cb,5abe6d0f71cdc2fd3bccf786aaf6d3151583f8fb5ed14e98482f180c5f94df89,fff6f1446e3ad1b1f17baa7b6b0218c8d021abc5ccf1a8b8b94eb622df3d62cc,results/rebuttal/4090_strictv3/digit_sum/digit_sum_gaussian_amle_s1_strictv3_train_holdout_val_official_test_no_hidden_val_6ce6abacdb25_be75f6f1_20260726T132914Z
results/rebuttal/4090_strictv3/digit_sum/digit_sum_gaussian_amle_s1_strictv3_train_holdout_val_official_test_no_hidden_val_6ce6abacdb25_be75f6f1_20260726T132914Z/config.json,,,,,,,,,,
results/rebuttal/4090_strictv3/digit_sum/digit_sum_gaussian_amle_s1_strictv3_train_holdout_val_official_test_no_hidden_val_6ce6abacdb25_be75f6f1_20260726T132914Z/metadata.json,,,,,,,,,,
results/rebuttal/4090_strictv3/digit_sum/digit_sum_gaussian_amle_s1_strictv3_train_holdout_val_official_test_no_hidden_val_6ce6abacdb25_be75f6f1_20260726T132914Z/summary.json,digit_sum,gaussian_amle,1,strictv3_train_holdout_val_official_test_no_hidden_val,be75f6f1e9a68411e9014c665ba0201e830c70ee,6ce6abacdb255a3a78b4306707260338122fe202b5df1d329877a054bf4c13af,e51efee5b23da954d99f14738d97f96172c6fe2d1b9018ca304dd5813ba393cb,5abe6d0f71cdc2fd3bccf786aaf6d3151583f8fb5ed14e98482f180c5f94df89,fff6f1446e3ad1b1f17baa7b6b0218c8d021abc5ccf1a8b8b94eb622df3d62cc,results/rebuttal/4090_strictv3/digit_sum/digit_sum_gaussian_amle_s1_strictv3_train_holdout_val_official_test_no_hidden_val_6ce6abacdb25_be75f6f1_20260726T132914Z
results/rebuttal/4090_strictv3/digit_sum/digit_sum_gaussian_amle_s2.json,digit_sum,gaussian_amle,2,strictv3_train_holdout_val_official_test_no_hidden_val,be75f6f1e9a68411e9014c665ba0201e830c70ee,2b1bd36553f10fabee82dacff3e8871dd9b9f7a3ac5fdffdaa190e688c664362,4d95c49dd1f1a9e1147f10ac7496a8319daeab8ae60d551f35d7f16a06b4bae7,211f277d12955adaa80fcb4be59782e66e07bc6337f2b7304c406f24b026a77e,40b53f1106be2f54a9902e726f3598c631b1d47d8496e1e54ba5f6354433b81a,results/rebuttal/4090_strictv3/digit_sum/digit_sum_gaussian_amle_s2_strictv3_train_holdout_val_official_test_no_hidden_val_2b1bd36553f1_be75f6f1_20260726T135027Z
results/rebuttal/4090_strictv3/digit_sum/digit_sum_gaussian_amle_s2_strictv3_train_holdout_val_official_test_no_hidden_val_2b1bd36553f1_be75f6f1_20260726T135027Z/config.json,,,,,,,,,,
results/rebuttal/4090_strictv3/digit_sum/digit_sum_gaussian_amle_s2_strictv3_train_holdout_val_official_test_no_hidden_val_2b1bd36553f1_be75f6f1_20260726T135027Z/metadata.json,,,,,,,,,,
results/rebuttal/4090_strictv3/digit_sum/digit_sum_gaussian_amle_s2_strictv3_train_holdout_val_official_test_no_hidden_val_2b1bd36553f1_be75f6f1_20260726T135027Z/summary.json,digit_sum,gaussian_amle,2,strictv3_train_holdout_val_official_test_no_hidden_val,be75f6f1e9a68411e9014c665ba0201e830c70ee,2b1bd36553f10fabee82dacff3e8871dd9b9f7a3ac5fdffdaa190e688c664362,4d95c49dd1f1a9e1147f10ac7496a8319daeab8ae60d551f35d7f16a06b4bae7,211f277d12955adaa80fcb4be59782e66e07bc6337f2b7304c406f24b026a77e,40b53f1106be2f54a9902e726f3598c631b1d47d8496e1e54ba5f6354433b81a,results/rebuttal/4090_strictv3/digit_sum/digit_sum_gaussian_amle_s2_strictv3_train_holdout_val_official_test_no_hidden_val_2b1bd36553f1_be75f6f1_20260726T135027Z
results/rebuttal/4090_strictv3/digit_sum/digit_sum_mse_s0.json,digit_sum,mse,0,strictv3_train_holdout_val_official_test_no_hidden_val,be75f6f1e9a68411e9014c665ba0201e830c70ee,37981a0a9fbffad39ffb3755dbd096ecb054e49737027380c9293ad3176f9dfa,6f27bf206533116bb5c71f3b1b9b2351c8fc41df8571105488bea59bd662652d,497e9bf7de4c6b3d1cfb49d726c43ade7803652910ebf137a51312ff52d45c64,33f1ed7cfc59f76d2c0c445ac27634a288b5c41bc3351c2368aab5f055c2afe9,results/rebuttal/4090_strictv3/digit_sum/digit_sum_mse_s0_strictv3_train_holdout_val_official_test_no_hidden_val_37981a0a9fbf_be75f6f1_20260726T140639Z
results/rebuttal/4090_strictv3/digit_sum/digit_sum_mse_s0_strictv3_train_holdout_val_official_test_no_hidden_val_37981a0a9fbf_be75f6f1_20260726T140639Z/config.json,,,,,,,,,,
results/rebuttal/4090_strictv3/digit_sum/digit_sum_mse_s0_strictv3_train_holdout_val_official_test_no_hidden_val_37981a0a9fbf_be75f6f1_20260726T140639Z/metadata.json,,,,,,,,,,
results/rebuttal/4090_strictv3/digit_sum/digit_sum_mse_s0_strictv3_train_holdout_val_official_test_no_hidden_val_37981a0a9fbf_be75f6f1_20260726T140639Z/summary.json,digit_sum,mse,0,strictv3_train_holdout_val_official_test_no_hidden_val,be75f6f1e9a68411e9014c665ba0201e830c70ee,37981a0a9fbffad39ffb3755dbd096ecb054e49737027380c9293ad3176f9dfa,6f27bf206533116bb5c71f3b1b9b2351c8fc41df8571105488bea59bd662652d,497e9bf7de4c6b3d1cfb49d726c43ade7803652910ebf137a51312ff52d45c64,33f1ed7cfc59f76d2c0c445ac27634a288b5c41bc3351c2368aab5f055c2afe9,results/rebuttal/4090_strictv3/digit_sum/digit_sum_mse_s0_strictv3_train_holdout_val_official_test_no_hidden_val_37981a0a9fbf_be75f6f1_20260726T140639Z
results/rebuttal/4090_strictv3/digit_sum/digit_sum_mse_s1.json,digit_sum,mse,1,strictv3_train_holdout_val_official_test_no_hidden_val,be75f6f1e9a68411e9014c665ba0201e830c70ee,d47e141e4fb2c2b7bd98d520ce5fcfcbaa665baf10ded8656afb7fa25eba0ab3,e51efee5b23da954d99f14738d97f96172c6fe2d1b9018ca304dd5813ba393cb,5abe6d0f71cdc2fd3bccf786aaf6d3151583f8fb5ed14e98482f180c5f94df89,fff6f1446e3ad1b1f17baa7b6b0218c8d021abc5ccf1a8b8b94eb622df3d62cc,results/rebuttal/4090_strictv3/digit_sum/digit_sum_mse_s1_strictv3_train_holdout_val_official_test_no_hidden_val_d47e141e4fb2_be75f6f1_20260726T142533Z
results/rebuttal/4090_strictv3/digit_sum/digit_sum_mse_s1_strictv3_train_holdout_val_official_test_no_hidden_val_d47e141e4fb2_be75f6f1_20260726T142533Z/config.json,,,,,,,,,,
results/rebuttal/4090_strictv3/digit_sum/digit_sum_mse_s1_strictv3_train_holdout_val_official_test_no_hidden_val_d47e141e4fb2_be75f6f1_20260726T142533Z/metadata.json,,,,,,,,,,
results/rebuttal/4090_strictv3/digit_sum/digit_sum_mse_s1_strictv3_train_holdout_val_official_test_no_hidden_val_d47e141e4fb2_be75f6f1_20260726T142533Z/summary.json,digit_sum,mse,1,strictv3_train_holdout_val_official_test_no_hidden_val,be75f6f1e9a68411e9014c665ba0201e830c70ee,d47e141e4fb2c2b7bd98d520ce5fcfcbaa665baf10ded8656afb7fa25eba0ab3,e51efee5b23da954d99f14738d97f96172c6fe2d1b9018ca304dd5813ba393cb,5abe6d0f71cdc2fd3bccf786aaf6d3151583f8fb5ed14e98482f180c5f94df89,fff6f1446e3ad1b1f17baa7b6b0218c8d021abc5ccf1a8b8b94eb622df3d62cc,results/rebuttal/4090_strictv3/digit_sum/digit_sum_mse_s1_strictv3_train_holdout_val_official_test_no_hidden_val_d47e141e4fb2_be75f6f1_20260726T142533Z
results/rebuttal/4090_strictv3/digit_sum/digit_sum_mse_s2.json,digit_sum,mse,2,strictv3_train_holdout_val_official_test_no_hidden_val,be75f6f1e9a68411e9014c665ba0201e830c70ee,141516bee8fa9121cafd5435176760a23fccbca7c6f0139ab064f3525a39cbf6,4d95c49dd1f1a9e1147f10ac7496a8319daeab8ae60d551f35d7f16a06b4bae7,211f277d12955adaa80fcb4be59782e66e07bc6337f2b7304c406f24b026a77e,40b53f1106be2f54a9902e726f3598c631b1d47d8496e1e54ba5f6354433b81a,results/rebuttal/4090_strictv3/digit_sum/digit_sum_mse_s2_strictv3_train_holdout_val_official_test_no_hidden_val_141516bee8fa_be75f6f1_20260726T143915Z
results/rebuttal/4090_strictv3/digit_sum/digit_sum_mse_s2_strictv3_train_holdout_val_official_test_no_hidden_val_141516bee8fa_be75f6f1_20260726T143915Z/config.json,,,,,,,,,,
results/rebuttal/4090_strictv3/digit_sum/digit_sum_mse_s2_strictv3_train_holdout_val_official_test_no_hidden_val_141516bee8fa_be75f6f1_20260726T143915Z/metadata.json,,,,,,,,,,
results/rebuttal/4090_strictv3/digit_sum/digit_sum_mse_s2_strictv3_train_holdout_val_official_test_no_hidden_val_141516bee8fa_be75f6f1_20260726T143915Z/summary.json,digit_sum,mse,2,strictv3_train_holdout_val_official_test_no_hidden_val,be75f6f1e9a68411e9014c665ba0201e830c70ee,141516bee8fa9121cafd5435176760a23fccbca7c6f0139ab064f3525a39cbf6,4d95c49dd1f1a9e1147f10ac7496a8319daeab8ae60d551f35d7f16a06b4bae7,211f277d12955adaa80fcb4be59782e66e07bc6337f2b7304c406f24b026a77e,40b53f1106be2f54a9902e726f3598c631b1d47d8496e1e54ba5f6354433b81a,results/rebuttal/4090_strictv3/digit_sum/digit_sum_mse_s2_strictv3_train_holdout_val_official_test_no_hidden_val_141516bee8fa_be75f6f1_20260726T143915Z
results/rebuttal/4090_strictv3/manifests/mnist/digit_sum/seed0_n10_train1000_strictv3_train_holdout_val_official_test_no_hidden_val/test_manifest.json,,,,,,,,,,
results/rebuttal/4090_strictv3/manifests/mnist/digit_sum/seed0_n10_train1000_strictv3_train_holdout_val_official_test_no_hidden_val/train_manifest.json,,,,,,,,,,
results/rebuttal/4090_strictv3/manifests/mnist/digit_sum/seed0_n10_train1000_strictv3_train_holdout_val_official_test_no_hidden_val/val_manifest.json,,,,,,,,,,
results/rebuttal/4090_strictv3/manifests/mnist/digit_sum/seed1_n10_train1000_strictv3_train_holdout_val_official_test_no_hidden_val/test_manifest.json,,,,,,,,,,
results/rebuttal/4090_strictv3/manifests/mnist/digit_sum/seed1_n10_train1000_strictv3_train_holdout_val_official_test_no_hidden_val/train_manifest.json,,,,,,,,,,
results/rebuttal/4090_strictv3/manifests/mnist/digit_sum/seed1_n10_train1000_strictv3_train_holdout_val_official_test_no_hidden_val/val_manifest.json,,,,,,,,,,
results/rebuttal/4090_strictv3/manifests/mnist/digit_sum/seed2_n10_train1000_strictv3_train_holdout_val_official_test_no_hidden_val/test_manifest.json,,,,,,,,,,
results/rebuttal/4090_strictv3/manifests/mnist/digit_sum/seed2_n10_train1000_strictv3_train_holdout_val_official_test_no_hidden_val/train_manifest.json,,,,,,,,,,
results/rebuttal/4090_strictv3/manifests/mnist/digit_sum/seed2_n10_train1000_strictv3_train_holdout_val_official_test_no_hidden_val/val_manifest.json,,,,,,,,,,
results/rebuttal/4090_strictv3/manifests/mnist/signed_cancellation/seed0_n10_train1000_strictv3_train_holdout_val_official_test_no_hidden_val/test_manifest.json,,,,,,,,,,
results/rebuttal/4090_strictv3/manifests/mnist/signed_cancellation/seed0_n10_train1000_strictv3_train_holdout_val_official_test_no_hidden_val/train_manifest.json,,,,,,,,,,
results/rebuttal/4090_strictv3/manifests/mnist/signed_cancellation/seed0_n10_train1000_strictv3_train_holdout_val_official_test_no_hidden_val/val_manifest.json,,,,,,,,,,
results/rebuttal/4090_strictv3/manifests/mnist/signed_cancellation/seed1_n10_train1000_strictv3_train_holdout_val_official_test_no_hidden_val/test_manifest.json,,,,,,,,,,
results/rebuttal/4090_strictv3/manifests/mnist/signed_cancellation/seed1_n10_train1000_strictv3_train_holdout_val_official_test_no_hidden_val/train_manifest.json,,,,,,,,,,
results/rebuttal/4090_strictv3/manifests/mnist/signed_cancellation/seed1_n10_train1000_strictv3_train_holdout_val_official_test_no_hidden_val/val_manifest.json,,,,,,,,,,
results/rebuttal/4090_strictv3/manifests/mnist/signed_cancellation/seed2_n10_train1000_strictv3_train_holdout_val_official_test_no_hidden_val/test_manifest.json,,,,,,,,,,
results/rebuttal/4090_strictv3/manifests/mnist/signed_cancellation/seed2_n10_train1000_strictv3_train_holdout_val_official_test_no_hidden_val/train_manifest.json,,,,,,,,,,
results/rebuttal/4090_strictv3/manifests/mnist/signed_cancellation/seed2_n10_train1000_strictv3_train_holdout_val_official_test_no_hidden_val/val_manifest.json,,,,,,,,,,
results/rebuttal/4090_strictv3/manifests/mnist/signed_random/seed0_n10_train1000_strictv3_train_holdout_val_official_test_no_hidden_val/test_manifest.json,,,,,,,,,,
results/rebuttal/4090_strictv3/manifests/mnist/signed_random/seed0_n10_train1000_strictv3_train_holdout_val_official_test_no_hidden_val/train_manifest.json,,,,,,,,,,
results/rebuttal/4090_strictv3/manifests/mnist/signed_random/seed0_n10_train1000_strictv3_train_holdout_val_official_test_no_hidden_val/val_manifest.json,,,,,,,,,,
results/rebuttal/4090_strictv3/manifests/mnist/signed_random/seed1_n10_train1000_strictv3_train_holdout_val_official_test_no_hidden_val/test_manifest.json,,,,,,,,,,
results/rebuttal/4090_strictv3/manifests/mnist/signed_random/seed1_n10_train1000_strictv3_train_holdout_val_official_test_no_hidden_val/train_manifest.json,,,,,,,,,,
results/rebuttal/4090_strictv3/manifests/mnist/signed_random/seed1_n10_train1000_strictv3_train_holdout_val_official_test_no_hidden_val/val_manifest.json,,,,,,,,,,
results/rebuttal/4090_strictv3/manifests/mnist/signed_random/seed2_n10_train1000_strictv3_train_holdout_val_official_test_no_hidden_val/test_manifest.json,,,,,,,,,,
results/rebuttal/4090_strictv3/manifests/mnist/signed_random/seed2_n10_train1000_strictv3_train_holdout_val_official_test_no_hidden_val/train_manifest.json,,,,,,,,,,
results/rebuttal/4090_strictv3/manifests/mnist/signed_random/seed2_n10_train1000_strictv3_train_holdout_val_official_test_no_hidden_val/val_manifest.json,,,,,,,,,,
results/rebuttal/4090_strictv3/manifests/mnist/splits/mnist_split_seed314159.json,,,,,,,,,,
results/rebuttal/4090_strictv3/official_llp_pvc/lr_dev/lr_1e-3/cifar10_official_llp_pvc_s999.json,,official_llp_pvc,999,strictv3_train_holdout_val_official_test_no_hidden_val,be75f6f1e9a68411e9014c665ba0201e830c70ee,fb9d0017d86da08e5db2689a4110ff8a4aeca1dcf922d3ec86a5061c3b588299,7321e7f254b06d9dc2d8d8c0d4ab8816938b9400622d048bec1dd60323df0521,041b1339f11182abd178a768a58b401ba822ab0b68f97e1e7b3ac3fb87b4219b,eeef2cf4e2079470862525cc9691e0d7f8467460d6ce41ff05b4fce5ed5b068d,/home/chanhomin/countmil/results/rebuttal/4090_strictv3/official_llp_pvc/lr_dev/lr_1e-3/runs/cifar10_official_llp_pvc_s999_strictv3_train_holdout_val_official_test_no_hidden_val_fb9d0017d86d_be75f6f1_20260726T122847Z
results/rebuttal/4090_strictv3/official_llp_pvc/lr_dev/lr_1e-3/runs/cifar10_official_llp_pvc_s999_strictv3_train_holdout_val_official_test_no_hidden_val_fb9d0017d86d_be75f6f1_20260726T122847Z/config.json,,,,,,,,,,
results/rebuttal/4090_strictv3/official_llp_pvc/lr_dev/lr_1e-3/runs/cifar10_official_llp_pvc_s999_strictv3_train_holdout_val_official_test_no_hidden_val_fb9d0017d86d_be75f6f1_20260726T122847Z/metadata.json,,,,,,,,,,
results/rebuttal/4090_strictv3/official_llp_pvc/lr_dev/lr_1e-3/runs/cifar10_official_llp_pvc_s999_strictv3_train_holdout_val_official_test_no_hidden_val_fb9d0017d86d_be75f6f1_20260726T122847Z/summary.json,,official_llp_pvc,999,strictv3_train_holdout_val_official_test_no_hidden_val,be75f6f1e9a68411e9014c665ba0201e830c70ee,fb9d0017d86da08e5db2689a4110ff8a4aeca1dcf922d3ec86a5061c3b588299,7321e7f254b06d9dc2d8d8c0d4ab8816938b9400622d048bec1dd60323df0521,041b1339f11182abd178a768a58b401ba822ab0b68f97e1e7b3ac3fb87b4219b,eeef2cf4e2079470862525cc9691e0d7f8467460d6ce41ff05b4fce5ed5b068d,/home/chanhomin/countmil/results/rebuttal/4090_strictv3/official_llp_pvc/lr_dev/lr_1e-3/runs/cifar10_official_llp_pvc_s999_strictv3_train_holdout_val_official_test_no_hidden_val_fb9d0017d86d_be75f6f1_20260726T122847Z
results/rebuttal/4090_strictv3/official_llp_pvc/lr_dev/lr_2p5e-3/cifar10_official_llp_pvc_s999.json,,official_llp_pvc,999,strictv3_train_holdout_val_official_test_no_hidden_val,be75f6f1e9a68411e9014c665ba0201e830c70ee,8c456acf26fb101b15bd850057093bbefd313b8bd3218e87b23f9aeea4981c43,7321e7f254b06d9dc2d8d8c0d4ab8816938b9400622d048bec1dd60323df0521,041b1339f11182abd178a768a58b401ba822ab0b68f97e1e7b3ac3fb87b4219b,eeef2cf4e2079470862525cc9691e0d7f8467460d6ce41ff05b4fce5ed5b068d,/home/chanhomin/countmil/results/rebuttal/4090_strictv3/official_llp_pvc/lr_dev/lr_2p5e-3/runs/cifar10_official_llp_pvc_s999_strictv3_train_holdout_val_official_test_no_hidden_val_8c456acf26fb_be75f6f1_20260726T123329Z
results/rebuttal/4090_strictv3/official_llp_pvc/lr_dev/lr_2p5e-3/runs/cifar10_official_llp_pvc_s999_strictv3_train_holdout_val_official_test_no_hidden_val_8c456acf26fb_be75f6f1_20260726T123329Z/config.json,,,,,,,,,,
results/rebuttal/4090_strictv3/official_llp_pvc/lr_dev/lr_2p5e-3/runs/cifar10_official_llp_pvc_s999_strictv3_train_holdout_val_official_test_no_hidden_val_8c456acf26fb_be75f6f1_20260726T123329Z/metadata.json,,,,,,,,,,
results/rebuttal/4090_strictv3/official_llp_pvc/lr_dev/lr_2p5e-3/runs/cifar10_official_llp_pvc_s999_strictv3_train_holdout_val_official_test_no_hidden_val_8c456acf26fb_be75f6f1_20260726T123329Z/summary.json,,official_llp_pvc,999,strictv3_train_holdout_val_official_test_no_hidden_val,be75f6f1e9a68411e9014c665ba0201e830c70ee,8c456acf26fb101b15bd850057093bbefd313b8bd3218e87b23f9aeea4981c43,7321e7f254b06d9dc2d8d8c0d4ab8816938b9400622d048bec1dd60323df0521,041b1339f11182abd178a768a58b401ba822ab0b68f97e1e7b3ac3fb87b4219b,eeef2cf4e2079470862525cc9691e0d7f8467460d6ce41ff05b4fce5ed5b068d,/home/chanhomin/countmil/results/rebuttal/4090_strictv3/official_llp_pvc/lr_dev/lr_2p5e-3/runs/cifar10_official_llp_pvc_s999_strictv3_train_holdout_val_official_test_no_hidden_val_8c456acf26fb_be75f6f1_20260726T123329Z
results/rebuttal/4090_strictv3/official_llp_pvc/lr_dev/lr_5e-4/cifar10_official_llp_pvc_s999.json,,official_llp_pvc,999,strictv3_train_holdout_val_official_test_no_hidden_val,be75f6f1e9a68411e9014c665ba0201e830c70ee,a60e1c4ce6797336a0b7da21cddaad26033c386aa927a91ce53fc7235b9553e9,7321e7f254b06d9dc2d8d8c0d4ab8816938b9400622d048bec1dd60323df0521,041b1339f11182abd178a768a58b401ba822ab0b68f97e1e7b3ac3fb87b4219b,eeef2cf4e2079470862525cc9691e0d7f8467460d6ce41ff05b4fce5ed5b068d,/home/chanhomin/countmil/results/rebuttal/4090_strictv3/official_llp_pvc/lr_dev/lr_5e-4/runs/cifar10_official_llp_pvc_s999_strictv3_train_holdout_val_official_test_no_hidden_val_a60e1c4ce679_be75f6f1_20260726T122406Z
results/rebuttal/4090_strictv3/official_llp_pvc/lr_dev/lr_5e-4/runs/cifar10_official_llp_pvc_s999_strictv3_train_holdout_val_official_test_no_hidden_val_a60e1c4ce679_be75f6f1_20260726T122406Z/config.json,,,,,,,,,,
results/rebuttal/4090_strictv3/official_llp_pvc/lr_dev/lr_5e-4/runs/cifar10_official_llp_pvc_s999_strictv3_train_holdout_val_official_test_no_hidden_val_a60e1c4ce679_be75f6f1_20260726T122406Z/metadata.json,,,,,,,,,,
results/rebuttal/4090_strictv3/official_llp_pvc/lr_dev/lr_5e-4/runs/cifar10_official_llp_pvc_s999_strictv3_train_holdout_val_official_test_no_hidden_val_a60e1c4ce679_be75f6f1_20260726T122406Z/summary.json,,official_llp_pvc,999,strictv3_train_holdout_val_official_test_no_hidden_val,be75f6f1e9a68411e9014c665ba0201e830c70ee,a60e1c4ce6797336a0b7da21cddaad26033c386aa927a91ce53fc7235b9553e9,7321e7f254b06d9dc2d8d8c0d4ab8816938b9400622d048bec1dd60323df0521,041b1339f11182abd178a768a58b401ba822ab0b68f97e1e7b3ac3fb87b4219b,eeef2cf4e2079470862525cc9691e0d7f8467460d6ce41ff05b4fce5ed5b068d,/home/chanhomin/countmil/results/rebuttal/4090_strictv3/official_llp_pvc/lr_dev/lr_5e-4/runs/cifar10_official_llp_pvc_s999_strictv3_train_holdout_val_official_test_no_hidden_val_a60e1c4ce679_be75f6f1_20260726T122406Z
results/rebuttal/4090_strictv3/paired_statistics/paired_statistics.json,,,,,,,,,,
results/rebuttal/4090_strictv3/signed_cancellation/signed_cancellation_fsconv_s0.json,signed_cancellation,fsconv,0,strictv3_train_holdout_val_official_test_no_hidden_val,be75f6f1e9a68411e9014c665ba0201e830c70ee,b0b1cc571366c5f51cb91b409814679648ab819dd779f8ff06107432e667abc9,763e72d9e0809e0f65e4e0d12cd09e607b074009cc489444179bbfd805e0b42c,6b1a082482525008c5287c7894e2133cb3a849778cb8c610e65f206d95654d8c,e5d671287b04a721ba2f4a272dd8142ce40eb80c0274a2b62d35965da56eb9a7,results/rebuttal/4090_strictv3/signed_cancellation/signed_cancellation_fsconv_s0_strictv3_train_holdout_val_official_test_no_hidden_val_b0b1cc571366_be75f6f1_20260726T121915Z
results/rebuttal/4090_strictv3/signed_cancellation/signed_cancellation_fsconv_s0_strictv3_train_holdout_val_official_test_no_hidden_val_b0b1cc571366_be75f6f1_20260726T121915Z/config.json,,,,,,,,,,
results/rebuttal/4090_strictv3/signed_cancellation/signed_cancellation_fsconv_s0_strictv3_train_holdout_val_official_test_no_hidden_val_b0b1cc571366_be75f6f1_20260726T121915Z/metadata.json,,,,,,,,,,
results/rebuttal/4090_strictv3/signed_cancellation/signed_cancellation_fsconv_s0_strictv3_train_holdout_val_official_test_no_hidden_val_b0b1cc571366_be75f6f1_20260726T121915Z/summary.json,signed_cancellation,fsconv,0,strictv3_train_holdout_val_official_test_no_hidden_val,be75f6f1e9a68411e9014c665ba0201e830c70ee,b0b1cc571366c5f51cb91b409814679648ab819dd779f8ff06107432e667abc9,763e72d9e0809e0f65e4e0d12cd09e607b074009cc489444179bbfd805e0b42c,6b1a082482525008c5287c7894e2133cb3a849778cb8c610e65f206d95654d8c,e5d671287b04a721ba2f4a272dd8142ce40eb80c0274a2b62d35965da56eb9a7,results/rebuttal/4090_strictv3/signed_cancellation/signed_cancellation_fsconv_s0_strictv3_train_holdout_val_official_test_no_hidden_val_b0b1cc571366_be75f6f1_20260726T121915Z
results/rebuttal/4090_strictv3/signed_cancellation/signed_cancellation_fsconv_s1.json,signed_cancellation,fsconv,1,strictv3_train_holdout_val_official_test_no_hidden_val,be75f6f1e9a68411e9014c665ba0201e830c70ee,59cb1864ff2ad38f03b5b1b5847259933691f85d0a1e6f3e7284acb82e70068d,d456c6acf0fb9c3fcf2ae803060017685f9574391d442820739fd9df6882592a,62bc4cac55a6cb416800c8ac02f7daad844776fd5523c4bf5214a6744d303aae,5a0002de368285499a44860349ef1b3c1d65dd3889d4f4dce959e4533de84bdc,results/rebuttal/4090_strictv3/signed_cancellation/signed_cancellation_fsconv_s1_strictv3_train_holdout_val_official_test_no_hidden_val_59cb1864ff2a_be75f6f1_20260726T124117Z
results/rebuttal/4090_strictv3/signed_cancellation/signed_cancellation_fsconv_s1_strictv3_train_holdout_val_official_test_no_hidden_val_59cb1864ff2a_be75f6f1_20260726T124117Z/config.json,,,,,,,,,,
results/rebuttal/4090_strictv3/signed_cancellation/signed_cancellation_fsconv_s1_strictv3_train_holdout_val_official_test_no_hidden_val_59cb1864ff2a_be75f6f1_20260726T124117Z/metadata.json,,,,,,,,,,
results/rebuttal/4090_strictv3/signed_cancellation/signed_cancellation_fsconv_s1_strictv3_train_holdout_val_official_test_no_hidden_val_59cb1864ff2a_be75f6f1_20260726T124117Z/summary.json,signed_cancellation,fsconv,1,strictv3_train_holdout_val_official_test_no_hidden_val,be75f6f1e9a68411e9014c665ba0201e830c70ee,59cb1864ff2ad38f03b5b1b5847259933691f85d0a1e6f3e7284acb82e70068d,d456c6acf0fb9c3fcf2ae803060017685f9574391d442820739fd9df6882592a,62bc4cac55a6cb416800c8ac02f7daad844776fd5523c4bf5214a6744d303aae,5a0002de368285499a44860349ef1b3c1d65dd3889d4f4dce959e4533de84bdc,results/rebuttal/4090_strictv3/signed_cancellation/signed_cancellation_fsconv_s1_strictv3_train_holdout_val_official_test_no_hidden_val_59cb1864ff2a_be75f6f1_20260726T124117Z
results/rebuttal/4090_strictv3/signed_cancellation/signed_cancellation_fsconv_s2.json,signed_cancellation,fsconv,2,strictv3_train_holdout_val_official_test_no_hidden_val,be75f6f1e9a68411e9014c665ba0201e830c70ee,4839931adde6089d821fc15a53d17e59d6f1fb226d228debd8fdd6dbb8d79be7,72d09e3418a8619d1c7ab42675956651c6439ab97ece7c69b7f4b5a17105a642,b1e6e824a55d55508a68edd96c9eed86c3e7d89a279e82729eb94caacab9386e,061fb6ca873b68e208222b25cb74d2bc8e543437c2a6c89a828b8b2fa46abd28,results/rebuttal/4090_strictv3/signed_cancellation/signed_cancellation_fsconv_s2_strictv3_train_holdout_val_official_test_no_hidden_val_4839931adde6_be75f6f1_20260726T125633Z
results/rebuttal/4090_strictv3/signed_cancellation/signed_cancellation_fsconv_s2_strictv3_train_holdout_val_official_test_no_hidden_val_4839931adde6_be75f6f1_20260726T125633Z/config.json,,,,,,,,,,
results/rebuttal/4090_strictv3/signed_cancellation/signed_cancellation_fsconv_s2_strictv3_train_holdout_val_official_test_no_hidden_val_4839931adde6_be75f6f1_20260726T125633Z/metadata.json,,,,,,,,,,
results/rebuttal/4090_strictv3/signed_cancellation/signed_cancellation_fsconv_s2_strictv3_train_holdout_val_official_test_no_hidden_val_4839931adde6_be75f6f1_20260726T125633Z/summary.json,signed_cancellation,fsconv,2,strictv3_train_holdout_val_official_test_no_hidden_val,be75f6f1e9a68411e9014c665ba0201e830c70ee,4839931adde6089d821fc15a53d17e59d6f1fb226d228debd8fdd6dbb8d79be7,72d09e3418a8619d1c7ab42675956651c6439ab97ece7c69b7f4b5a17105a642,b1e6e824a55d55508a68edd96c9eed86c3e7d89a279e82729eb94caacab9386e,061fb6ca873b68e208222b25cb74d2bc8e543437c2a6c89a828b8b2fa46abd28,results/rebuttal/4090_strictv3/signed_cancellation/signed_cancellation_fsconv_s2_strictv3_train_holdout_val_official_test_no_hidden_val_4839931adde6_be75f6f1_20260726T125633Z
results/rebuttal/4090_strictv3/signed_cancellation/signed_cancellation_gaussian_amle_s0.json,signed_cancellation,gaussian_amle,0,strictv3_train_holdout_val_official_test_no_hidden_val,be75f6f1e9a68411e9014c665ba0201e830c70ee,b7455ed2704a896498e2968a5d8cdbce412ac8e26d5f39cdd340ea36119f2f08,763e72d9e0809e0f65e4e0d12cd09e607b074009cc489444179bbfd805e0b42c,6b1a082482525008c5287c7894e2133cb3a849778cb8c610e65f206d95654d8c,e5d671287b04a721ba2f4a272dd8142ce40eb80c0274a2b62d35965da56eb9a7,results/rebuttal/4090_strictv3/signed_cancellation/signed_cancellation_gaussian_amle_s0_strictv3_train_holdout_val_official_test_no_hidden_val_b7455ed2704a_be75f6f1_20260726T131031Z
results/rebuttal/4090_strictv3/signed_cancellation/signed_cancellation_gaussian_amle_s0_strictv3_train_holdout_val_official_test_no_hidden_val_b7455ed2704a_be75f6f1_20260726T131031Z/config.json,,,,,,,,,,
results/rebuttal/4090_strictv3/signed_cancellation/signed_cancellation_gaussian_amle_s0_strictv3_train_holdout_val_official_test_no_hidden_val_b7455ed2704a_be75f6f1_20260726T131031Z/metadata.json,,,,,,,,,,
results/rebuttal/4090_strictv3/signed_cancellation/signed_cancellation_gaussian_amle_s0_strictv3_train_holdout_val_official_test_no_hidden_val_b7455ed2704a_be75f6f1_20260726T131031Z/summary.json,signed_cancellation,gaussian_amle,0,strictv3_train_holdout_val_official_test_no_hidden_val,be75f6f1e9a68411e9014c665ba0201e830c70ee,b7455ed2704a896498e2968a5d8cdbce412ac8e26d5f39cdd340ea36119f2f08,763e72d9e0809e0f65e4e0d12cd09e607b074009cc489444179bbfd805e0b42c,6b1a082482525008c5287c7894e2133cb3a849778cb8c610e65f206d95654d8c,e5d671287b04a721ba2f4a272dd8142ce40eb80c0274a2b62d35965da56eb9a7,results/rebuttal/4090_strictv3/signed_cancellation/signed_cancellation_gaussian_amle_s0_strictv3_train_holdout_val_official_test_no_hidden_val_b7455ed2704a_be75f6f1_20260726T131031Z
results/rebuttal/4090_strictv3/signed_cancellation/signed_cancellation_gaussian_amle_s1.json,signed_cancellation,gaussian_amle,1,strictv3_train_holdout_val_official_test_no_hidden_val,be75f6f1e9a68411e9014c665ba0201e830c70ee,62d55156779fe71944eef2b37a466d64e8d443a59b1b36c9190a94b1906c0fd1,d456c6acf0fb9c3fcf2ae803060017685f9574391d442820739fd9df6882592a,62bc4cac55a6cb416800c8ac02f7daad844776fd5523c4bf5214a6744d303aae,5a0002de368285499a44860349ef1b3c1d65dd3889d4f4dce959e4533de84bdc,results/rebuttal/4090_strictv3/signed_cancellation/signed_cancellation_gaussian_amle_s1_strictv3_train_holdout_val_official_test_no_hidden_val_62d55156779f_be75f6f1_20260726T133020Z
results/rebuttal/4090_strictv3/signed_cancellation/signed_cancellation_gaussian_amle_s1_strictv3_train_holdout_val_official_test_no_hidden_val_62d55156779f_be75f6f1_20260726T133020Z/config.json,,,,,,,,,,
results/rebuttal/4090_strictv3/signed_cancellation/signed_cancellation_gaussian_amle_s1_strictv3_train_holdout_val_official_test_no_hidden_val_62d55156779f_be75f6f1_20260726T133020Z/metadata.json,,,,,,,,,,
results/rebuttal/4090_strictv3/signed_cancellation/signed_cancellation_gaussian_amle_s1_strictv3_train_holdout_val_official_test_no_hidden_val_62d55156779f_be75f6f1_20260726T133020Z/summary.json,signed_cancellation,gaussian_amle,1,strictv3_train_holdout_val_official_test_no_hidden_val,be75f6f1e9a68411e9014c665ba0201e830c70ee,62d55156779fe71944eef2b37a466d64e8d443a59b1b36c9190a94b1906c0fd1,d456c6acf0fb9c3fcf2ae803060017685f9574391d442820739fd9df6882592a,62bc4cac55a6cb416800c8ac02f7daad844776fd5523c4bf5214a6744d303aae,5a0002de368285499a44860349ef1b3c1d65dd3889d4f4dce959e4533de84bdc,results/rebuttal/4090_strictv3/signed_cancellation/signed_cancellation_gaussian_amle_s1_strictv3_train_holdout_val_official_test_no_hidden_val_62d55156779f_be75f6f1_20260726T133020Z
results/rebuttal/4090_strictv3/signed_cancellation/signed_cancellation_gaussian_amle_s2.json,signed_cancellation,gaussian_amle,2,strictv3_train_holdout_val_official_test_no_hidden_val,be75f6f1e9a68411e9014c665ba0201e830c70ee,2a17cb1a56ab1d7d604761f1e87cae9c98310e3e44376e8d772170eaf5a321d2,72d09e3418a8619d1c7ab42675956651c6439ab97ece7c69b7f4b5a17105a642,b1e6e824a55d55508a68edd96c9eed86c3e7d89a279e82729eb94caacab9386e,061fb6ca873b68e208222b25cb74d2bc8e543437c2a6c89a828b8b2fa46abd28,results/rebuttal/4090_strictv3/signed_cancellation/signed_cancellation_gaussian_amle_s2_strictv3_train_holdout_val_official_test_no_hidden_val_2a17cb1a56ab_be75f6f1_20260726T135030Z
results/rebuttal/4090_strictv3/signed_cancellation/signed_cancellation_gaussian_amle_s2_strictv3_train_holdout_val_official_test_no_hidden_val_2a17cb1a56ab_be75f6f1_20260726T135030Z/config.json,,,,,,,,,,
results/rebuttal/4090_strictv3/signed_cancellation/signed_cancellation_gaussian_amle_s2_strictv3_train_holdout_val_official_test_no_hidden_val_2a17cb1a56ab_be75f6f1_20260726T135030Z/metadata.json,,,,,,,,,,
results/rebuttal/4090_strictv3/signed_cancellation/signed_cancellation_gaussian_amle_s2_strictv3_train_holdout_val_official_test_no_hidden_val_2a17cb1a56ab_be75f6f1_20260726T135030Z/summary.json,signed_cancellation,gaussian_amle,2,strictv3_train_holdout_val_official_test_no_hidden_val,be75f6f1e9a68411e9014c665ba0201e830c70ee,2a17cb1a56ab1d7d604761f1e87cae9c98310e3e44376e8d772170eaf5a321d2,72d09e3418a8619d1c7ab42675956651c6439ab97ece7c69b7f4b5a17105a642,b1e6e824a55d55508a68edd96c9eed86c3e7d89a279e82729eb94caacab9386e,061fb6ca873b68e208222b25cb74d2bc8e543437c2a6c89a828b8b2fa46abd28,results/rebuttal/4090_strictv3/signed_cancellation/signed_cancellation_gaussian_amle_s2_strictv3_train_holdout_val_official_test_no_hidden_val_2a17cb1a56ab_be75f6f1_20260726T135030Z
results/rebuttal/4090_strictv3/signed_cancellation/signed_cancellation_mse_s0.json,signed_cancellation,mse,0,strictv3_train_holdout_val_official_test_no_hidden_val,be75f6f1e9a68411e9014c665ba0201e830c70ee,8160e99350da0a3433404688fb91e75b4311b56f269dbd199d5ff794d981a801,763e72d9e0809e0f65e4e0d12cd09e607b074009cc489444179bbfd805e0b42c,6b1a082482525008c5287c7894e2133cb3a849778cb8c610e65f206d95654d8c,e5d671287b04a721ba2f4a272dd8142ce40eb80c0274a2b62d35965da56eb9a7,results/rebuttal/4090_strictv3/signed_cancellation/signed_cancellation_mse_s0_strictv3_train_holdout_val_official_test_no_hidden_val_8160e99350da_be75f6f1_20260726T140910Z
results/rebuttal/4090_strictv3/signed_cancellation/signed_cancellation_mse_s0_strictv3_train_holdout_val_official_test_no_hidden_val_8160e99350da_be75f6f1_20260726T140910Z/config.json,,,,,,,,,,
results/rebuttal/4090_strictv3/signed_cancellation/signed_cancellation_mse_s0_strictv3_train_holdout_val_official_test_no_hidden_val_8160e99350da_be75f6f1_20260726T140910Z/metadata.json,,,,,,,,,,
results/rebuttal/4090_strictv3/signed_cancellation/signed_cancellation_mse_s0_strictv3_train_holdout_val_official_test_no_hidden_val_8160e99350da_be75f6f1_20260726T140910Z/summary.json,signed_cancellation,mse,0,strictv3_train_holdout_val_official_test_no_hidden_val,be75f6f1e9a68411e9014c665ba0201e830c70ee,8160e99350da0a3433404688fb91e75b4311b56f269dbd199d5ff794d981a801,763e72d9e0809e0f65e4e0d12cd09e607b074009cc489444179bbfd805e0b42c,6b1a082482525008c5287c7894e2133cb3a849778cb8c610e65f206d95654d8c,e5d671287b04a721ba2f4a272dd8142ce40eb80c0274a2b62d35965da56eb9a7,results/rebuttal/4090_strictv3/signed_cancellation/signed_cancellation_mse_s0_strictv3_train_holdout_val_official_test_no_hidden_val_8160e99350da_be75f6f1_20260726T140910Z
results/rebuttal/4090_strictv3/signed_cancellation/signed_cancellation_mse_s1.json,signed_cancellation,mse,1,strictv3_train_holdout_val_official_test_no_hidden_val,be75f6f1e9a68411e9014c665ba0201e830c70ee,2d7b052bb947a95505df7f710be108f7f407efc96613eeaedcb1198dd3bfa889,d456c6acf0fb9c3fcf2ae803060017685f9574391d442820739fd9df6882592a,62bc4cac55a6cb416800c8ac02f7daad844776fd5523c4bf5214a6744d303aae,5a0002de368285499a44860349ef1b3c1d65dd3889d4f4dce959e4533de84bdc,results/rebuttal/4090_strictv3/signed_cancellation/signed_cancellation_mse_s1_strictv3_train_holdout_val_official_test_no_hidden_val_2d7b052bb947_be75f6f1_20260726T142819Z
results/rebuttal/4090_strictv3/signed_cancellation/signed_cancellation_mse_s1_strictv3_train_holdout_val_official_test_no_hidden_val_2d7b052bb947_be75f6f1_20260726T142819Z/config.json,,,,,,,,,,
results/rebuttal/4090_strictv3/signed_cancellation/signed_cancellation_mse_s1_strictv3_train_holdout_val_official_test_no_hidden_val_2d7b052bb947_be75f6f1_20260726T142819Z/metadata.json,,,,,,,,,,
results/rebuttal/4090_strictv3/signed_cancellation/signed_cancellation_mse_s1_strictv3_train_holdout_val_official_test_no_hidden_val_2d7b052bb947_be75f6f1_20260726T142819Z/summary.json,signed_cancellation,mse,1,strictv3_train_holdout_val_official_test_no_hidden_val,be75f6f1e9a68411e9014c665ba0201e830c70ee,2d7b052bb947a95505df7f710be108f7f407efc96613eeaedcb1198dd3bfa889,d456c6acf0fb9c3fcf2ae803060017685f9574391d442820739fd9df6882592a,62bc4cac55a6cb416800c8ac02f7daad844776fd5523c4bf5214a6744d303aae,5a0002de368285499a44860349ef1b3c1d65dd3889d4f4dce959e4533de84bdc,results/rebuttal/4090_strictv3/signed_cancellation/signed_cancellation_mse_s1_strictv3_train_holdout_val_official_test_no_hidden_val_2d7b052bb947_be75f6f1_20260726T142819Z
results/rebuttal/4090_strictv3/signed_cancellation/signed_cancellation_mse_s2.json,signed_cancellation,mse,2,strictv3_train_holdout_val_official_test_no_hidden_val,be75f6f1e9a68411e9014c665ba0201e830c70ee,f7a3e3482dc6563b1122a16676271f0cba43b60bce89e178284ded5b1e82e36b,72d09e3418a8619d1c7ab42675956651c6439ab97ece7c69b7f4b5a17105a642,b1e6e824a55d55508a68edd96c9eed86c3e7d89a279e82729eb94caacab9386e,061fb6ca873b68e208222b25cb74d2bc8e543437c2a6c89a828b8b2fa46abd28,results/rebuttal/4090_strictv3/signed_cancellation/signed_cancellation_mse_s2_strictv3_train_holdout_val_official_test_no_hidden_val_f7a3e3482dc6_be75f6f1_20260726T143918Z
results/rebuttal/4090_strictv3/signed_cancellation/signed_cancellation_mse_s2_strictv3_train_holdout_val_official_test_no_hidden_val_f7a3e3482dc6_be75f6f1_20260726T143918Z/config.json,,,,,,,,,,
results/rebuttal/4090_strictv3/signed_cancellation/signed_cancellation_mse_s2_strictv3_train_holdout_val_official_test_no_hidden_val_f7a3e3482dc6_be75f6f1_20260726T143918Z/metadata.json,,,,,,,,,,
results/rebuttal/4090_strictv3/signed_cancellation/signed_cancellation_mse_s2_strictv3_train_holdout_val_official_test_no_hidden_val_f7a3e3482dc6_be75f6f1_20260726T143918Z/summary.json,signed_cancellation,mse,2,strictv3_train_holdout_val_official_test_no_hidden_val,be75f6f1e9a68411e9014c665ba0201e830c70ee,f7a3e3482dc6563b1122a16676271f0cba43b60bce89e178284ded5b1e82e36b,72d09e3418a8619d1c7ab42675956651c6439ab97ece7c69b7f4b5a17105a642,b1e6e824a55d55508a68edd96c9eed86c3e7d89a279e82729eb94caacab9386e,061fb6ca873b68e208222b25cb74d2bc8e543437c2a6c89a828b8b2fa46abd28,results/rebuttal/4090_strictv3/signed_cancellation/signed_cancellation_mse_s2_strictv3_train_holdout_val_official_test_no_hidden_val_f7a3e3482dc6_be75f6f1_20260726T143918Z
results/rebuttal/4090_strictv3/signed_random/signed_random_fsconv_s0.json,signed_random,fsconv,0,strictv3_train_holdout_val_official_test_no_hidden_val,be75f6f1e9a68411e9014c665ba0201e830c70ee,1bfd4576d6fde285c455c0eabd6cfe9f153f76da79bcaa31d0876a4b62447edd,95c66f8dc062816ca51d9044eef0dc37ed1aa4c307d813aff1280ed05416e542,4f5aa5c558ce92b5d8eac28123915dce6c6466de096a94a434359f9ccff5e2a9,8506ba5a09dab8e62f94170684c6706f14c1835dbe0df45463bb14f525683269,results/rebuttal/4090_strictv3/signed_random/signed_random_fsconv_s0_strictv3_train_holdout_val_official_test_no_hidden_val_1bfd4576d6fd_be75f6f1_20260726T121915Z
results/rebuttal/4090_strictv3/signed_random/signed_random_fsconv_s0_strictv3_train_holdout_val_official_test_no_hidden_val_1bfd4576d6fd_be75f6f1_20260726T121915Z/config.json,,,,,,,,,,
results/rebuttal/4090_strictv3/signed_random/signed_random_fsconv_s0_strictv3_train_holdout_val_official_test_no_hidden_val_1bfd4576d6fd_be75f6f1_20260726T121915Z/metadata.json,,,,,,,,,,
results/rebuttal/4090_strictv3/signed_random/signed_random_fsconv_s0_strictv3_train_holdout_val_official_test_no_hidden_val_1bfd4576d6fd_be75f6f1_20260726T121915Z/summary.json,signed_random,fsconv,0,strictv3_train_holdout_val_official_test_no_hidden_val,be75f6f1e9a68411e9014c665ba0201e830c70ee,1bfd4576d6fde285c455c0eabd6cfe9f153f76da79bcaa31d0876a4b62447edd,95c66f8dc062816ca51d9044eef0dc37ed1aa4c307d813aff1280ed05416e542,4f5aa5c558ce92b5d8eac28123915dce6c6466de096a94a434359f9ccff5e2a9,8506ba5a09dab8e62f94170684c6706f14c1835dbe0df45463bb14f525683269,results/rebuttal/4090_strictv3/signed_random/signed_random_fsconv_s0_strictv3_train_holdout_val_official_test_no_hidden_val_1bfd4576d6fd_be75f6f1_20260726T121915Z
results/rebuttal/4090_strictv3/signed_random/signed_random_fsconv_s1.json,signed_random,fsconv,1,strictv3_train_holdout_val_official_test_no_hidden_val,be75f6f1e9a68411e9014c665ba0201e830c70ee,731f3bc0b84d603a86eb022e22a3a6753c267a7523ffe3baaf7fcd379ee8475d,6dadb85a6235aa6e3fd8a0972f0b1d4c91e1e73462415338d03368a3d344a4d1,8436a602b5dc171b690a2c2a52287a370215c79b837e13faf9a9462e4f647c64,b697d9eb5b619bd68763d89807eca68877085f203b52644a2862f024fce428c6,results/rebuttal/4090_strictv3/signed_random/signed_random_fsconv_s1_strictv3_train_holdout_val_official_test_no_hidden_val_731f3bc0b84d_be75f6f1_20260726T124117Z
results/rebuttal/4090_strictv3/signed_random/signed_random_fsconv_s1_strictv3_train_holdout_val_official_test_no_hidden_val_731f3bc0b84d_be75f6f1_20260726T124117Z/config.json,,,,,,,,,,
results/rebuttal/4090_strictv3/signed_random/signed_random_fsconv_s1_strictv3_train_holdout_val_official_test_no_hidden_val_731f3bc0b84d_be75f6f1_20260726T124117Z/metadata.json,,,,,,,,,,
results/rebuttal/4090_strictv3/signed_random/signed_random_fsconv_s1_strictv3_train_holdout_val_official_test_no_hidden_val_731f3bc0b84d_be75f6f1_20260726T124117Z/summary.json,signed_random,fsconv,1,strictv3_train_holdout_val_official_test_no_hidden_val,be75f6f1e9a68411e9014c665ba0201e830c70ee,731f3bc0b84d603a86eb022e22a3a6753c267a7523ffe3baaf7fcd379ee8475d,6dadb85a6235aa6e3fd8a0972f0b1d4c91e1e73462415338d03368a3d344a4d1,8436a602b5dc171b690a2c2a52287a370215c79b837e13faf9a9462e4f647c64,b697d9eb5b619bd68763d89807eca68877085f203b52644a2862f024fce428c6,results/rebuttal/4090_strictv3/signed_random/signed_random_fsconv_s1_strictv3_train_holdout_val_official_test_no_hidden_val_731f3bc0b84d_be75f6f1_20260726T124117Z
results/rebuttal/4090_strictv3/signed_random/signed_random_fsconv_s2.json,signed_random,fsconv,2,strictv3_train_holdout_val_official_test_no_hidden_val,be75f6f1e9a68411e9014c665ba0201e830c70ee,fef486353fa444c5128c8bc69d018c79f4260e4c21212674f89a3a613e634ca6,86744250d7d9b4090800aaddfd9dd826e793a2408a943391e68bdeb3cf59288a,0ad7f78aa7c83b4b0b61b38c11f0994672bb35f8eec1d19e714c6be7daca2e59,c508c3d23993463ef8c11a98d51c0d1185dd53cf3769f253159551374d12ccae,results/rebuttal/4090_strictv3/signed_random/signed_random_fsconv_s2_strictv3_train_holdout_val_official_test_no_hidden_val_fef486353fa4_be75f6f1_20260726T130742Z
results/rebuttal/4090_strictv3/signed_random/signed_random_fsconv_s2_strictv3_train_holdout_val_official_test_no_hidden_val_fef486353fa4_be75f6f1_20260726T130742Z/config.json,,,,,,,,,,
results/rebuttal/4090_strictv3/signed_random/signed_random_fsconv_s2_strictv3_train_holdout_val_official_test_no_hidden_val_fef486353fa4_be75f6f1_20260726T130742Z/metadata.json,,,,,,,,,,
results/rebuttal/4090_strictv3/signed_random/signed_random_fsconv_s2_strictv3_train_holdout_val_official_test_no_hidden_val_fef486353fa4_be75f6f1_20260726T130742Z/summary.json,signed_random,fsconv,2,strictv3_train_holdout_val_official_test_no_hidden_val,be75f6f1e9a68411e9014c665ba0201e830c70ee,fef486353fa444c5128c8bc69d018c79f4260e4c21212674f89a3a613e634ca6,86744250d7d9b4090800aaddfd9dd826e793a2408a943391e68bdeb3cf59288a,0ad7f78aa7c83b4b0b61b38c11f0994672bb35f8eec1d19e714c6be7daca2e59,c508c3d23993463ef8c11a98d51c0d1185dd53cf3769f253159551374d12ccae,results/rebuttal/4090_strictv3/signed_random/signed_random_fsconv_s2_strictv3_train_holdout_val_official_test_no_hidden_val_fef486353fa4_be75f6f1_20260726T130742Z
results/rebuttal/4090_strictv3/signed_random/signed_random_gaussian_amle_s0.json,signed_random,gaussian_amle,0,strictv3_train_holdout_val_official_test_no_hidden_val,be75f6f1e9a68411e9014c665ba0201e830c70ee,2ff13496c405424ba0fc4439eddfab9e7dd0fd833293d9463f984f965603e0fc,95c66f8dc062816ca51d9044eef0dc37ed1aa4c307d813aff1280ed05416e542,4f5aa5c558ce92b5d8eac28123915dce6c6466de096a94a434359f9ccff5e2a9,8506ba5a09dab8e62f94170684c6706f14c1835dbe0df45463bb14f525683269,results/rebuttal/4090_strictv3/signed_random/signed_random_gaussian_amle_s0_strictv3_train_holdout_val_official_test_no_hidden_val_2ff13496c405_be75f6f1_20260726T132633Z
results/rebuttal/4090_strictv3/signed_random/signed_random_gaussian_amle_s0_strictv3_train_holdout_val_official_test_no_hidden_val_2ff13496c405_be75f6f1_20260726T132633Z/config.json,,,,,,,,,,
results/rebuttal/4090_strictv3/signed_random/signed_random_gaussian_amle_s0_strictv3_train_holdout_val_official_test_no_hidden_val_2ff13496c405_be75f6f1_20260726T132633Z/metadata.json,,,,,,,,,,
results/rebuttal/4090_strictv3/signed_random/signed_random_gaussian_amle_s0_strictv3_train_holdout_val_official_test_no_hidden_val_2ff13496c405_be75f6f1_20260726T132633Z/summary.json,signed_random,gaussian_amle,0,strictv3_train_holdout_val_official_test_no_hidden_val,be75f6f1e9a68411e9014c665ba0201e830c70ee,2ff13496c405424ba0fc4439eddfab9e7dd0fd833293d9463f984f965603e0fc,95c66f8dc062816ca51d9044eef0dc37ed1aa4c307d813aff1280ed05416e542,4f5aa5c558ce92b5d8eac28123915dce6c6466de096a94a434359f9ccff5e2a9,8506ba5a09dab8e62f94170684c6706f14c1835dbe0df45463bb14f525683269,results/rebuttal/4090_strictv3/signed_random/signed_random_gaussian_amle_s0_strictv3_train_holdout_val_official_test_no_hidden_val_2ff13496c405_be75f6f1_20260726T132633Z
results/rebuttal/4090_strictv3/signed_random/signed_random_gaussian_amle_s1.json,signed_random,gaussian_amle,1,strictv3_train_holdout_val_official_test_no_hidden_val,be75f6f1e9a68411e9014c665ba0201e830c70ee,0c4ce5a5c6aefbcd2f2021a33902b56751c1497544ef21c19fc515beb38e156e,6dadb85a6235aa6e3fd8a0972f0b1d4c91e1e73462415338d03368a3d344a4d1,8436a602b5dc171b690a2c2a52287a370215c79b837e13faf9a9462e4f647c64,b697d9eb5b619bd68763d89807eca68877085f203b52644a2862f024fce428c6,results/rebuttal/4090_strictv3/signed_random/signed_random_gaussian_amle_s1_strictv3_train_holdout_val_official_test_no_hidden_val_0c4ce5a5c6ae_be75f6f1_20260726T134743Z
results/rebuttal/4090_strictv3/signed_random/signed_random_gaussian_amle_s1_strictv3_train_holdout_val_official_test_no_hidden_val_0c4ce5a5c6ae_be75f6f1_20260726T134743Z/config.json,,,,,,,,,,
results/rebuttal/4090_strictv3/signed_random/signed_random_gaussian_amle_s1_strictv3_train_holdout_val_official_test_no_hidden_val_0c4ce5a5c6ae_be75f6f1_20260726T134743Z/metadata.json,,,,,,,,,,
results/rebuttal/4090_strictv3/signed_random/signed_random_gaussian_amle_s1_strictv3_train_holdout_val_official_test_no_hidden_val_0c4ce5a5c6ae_be75f6f1_20260726T134743Z/summary.json,signed_random,gaussian_amle,1,strictv3_train_holdout_val_official_test_no_hidden_val,be75f6f1e9a68411e9014c665ba0201e830c70ee,0c4ce5a5c6aefbcd2f2021a33902b56751c1497544ef21c19fc515beb38e156e,6dadb85a6235aa6e3fd8a0972f0b1d4c91e1e73462415338d03368a3d344a4d1,8436a602b5dc171b690a2c2a52287a370215c79b837e13faf9a9462e4f647c64,b697d9eb5b619bd68763d89807eca68877085f203b52644a2862f024fce428c6,results/rebuttal/4090_strictv3/signed_random/signed_random_gaussian_amle_s1_strictv3_train_holdout_val_official_test_no_hidden_val_0c4ce5a5c6ae_be75f6f1_20260726T134743Z
results/rebuttal/4090_strictv3/signed_random/signed_random_gaussian_amle_s2.json,signed_random,gaussian_amle,2,strictv3_train_holdout_val_official_test_no_hidden_val,be75f6f1e9a68411e9014c665ba0201e830c70ee,0a3cb6a6490da0f96f3fbe4e43b9703f5965dc25b93c205c7a7cb191b1ae5013,86744250d7d9b4090800aaddfd9dd826e793a2408a943391e68bdeb3cf59288a,0ad7f78aa7c83b4b0b61b38c11f0994672bb35f8eec1d19e714c6be7daca2e59,c508c3d23993463ef8c11a98d51c0d1185dd53cf3769f253159551374d12ccae,results/rebuttal/4090_strictv3/signed_random/signed_random_gaussian_amle_s2_strictv3_train_holdout_val_official_test_no_hidden_val_0a3cb6a6490d_be75f6f1_20260726T140612Z
results/rebuttal/4090_strictv3/signed_random/signed_random_gaussian_amle_s2_strictv3_train_holdout_val_official_test_no_hidden_val_0a3cb6a6490d_be75f6f1_20260726T140612Z/config.json,,,,,,,,,,
results/rebuttal/4090_strictv3/signed_random/signed_random_gaussian_amle_s2_strictv3_train_holdout_val_official_test_no_hidden_val_0a3cb6a6490d_be75f6f1_20260726T140612Z/metadata.json,,,,,,,,,,
results/rebuttal/4090_strictv3/signed_random/signed_random_gaussian_amle_s2_strictv3_train_holdout_val_official_test_no_hidden_val_0a3cb6a6490d_be75f6f1_20260726T140612Z/summary.json,signed_random,gaussian_amle,2,strictv3_train_holdout_val_official_test_no_hidden_val,be75f6f1e9a68411e9014c665ba0201e830c70ee,0a3cb6a6490da0f96f3fbe4e43b9703f5965dc25b93c205c7a7cb191b1ae5013,86744250d7d9b4090800aaddfd9dd826e793a2408a943391e68bdeb3cf59288a,0ad7f78aa7c83b4b0b61b38c11f0994672bb35f8eec1d19e714c6be7daca2e59,c508c3d23993463ef8c11a98d51c0d1185dd53cf3769f253159551374d12ccae,results/rebuttal/4090_strictv3/signed_random/signed_random_gaussian_amle_s2_strictv3_train_holdout_val_official_test_no_hidden_val_0a3cb6a6490d_be75f6f1_20260726T140612Z
results/rebuttal/4090_strictv3/signed_random/signed_random_mse_s0.json,signed_random,mse,0,strictv3_train_holdout_val_official_test_no_hidden_val,be75f6f1e9a68411e9014c665ba0201e830c70ee,ed020a6e1ab4fc9ef7b1ec3ef22194e75fafe14dcaf82b5728b818e82a2ddc80,95c66f8dc062816ca51d9044eef0dc37ed1aa4c307d813aff1280ed05416e542,4f5aa5c558ce92b5d8eac28123915dce6c6466de096a94a434359f9ccff5e2a9,8506ba5a09dab8e62f94170684c6706f14c1835dbe0df45463bb14f525683269,results/rebuttal/4090_strictv3/signed_random/signed_random_mse_s0_strictv3_train_holdout_val_official_test_no_hidden_val_ed020a6e1ab4_be75f6f1_20260726T142629Z
results/rebuttal/4090_strictv3/signed_random/signed_random_mse_s0_strictv3_train_holdout_val_official_test_no_hidden_val_ed020a6e1ab4_be75f6f1_20260726T142629Z/config.json,,,,,,,,,,
results/rebuttal/4090_strictv3/signed_random/signed_random_mse_s0_strictv3_train_holdout_val_official_test_no_hidden_val_ed020a6e1ab4_be75f6f1_20260726T142629Z/metadata.json,,,,,,,,,,
results/rebuttal/4090_strictv3/signed_random/signed_random_mse_s0_strictv3_train_holdout_val_official_test_no_hidden_val_ed020a6e1ab4_be75f6f1_20260726T142629Z/summary.json,signed_random,mse,0,strictv3_train_holdout_val_official_test_no_hidden_val,be75f6f1e9a68411e9014c665ba0201e830c70ee,ed020a6e1ab4fc9ef7b1ec3ef22194e75fafe14dcaf82b5728b818e82a2ddc80,95c66f8dc062816ca51d9044eef0dc37ed1aa4c307d813aff1280ed05416e542,4f5aa5c558ce92b5d8eac28123915dce6c6466de096a94a434359f9ccff5e2a9,8506ba5a09dab8e62f94170684c6706f14c1835dbe0df45463bb14f525683269,results/rebuttal/4090_strictv3/signed_random/signed_random_mse_s0_strictv3_train_holdout_val_official_test_no_hidden_val_ed020a6e1ab4_be75f6f1_20260726T142629Z
results/rebuttal/4090_strictv3/signed_random/signed_random_mse_s1.json,signed_random,mse,1,strictv3_train_holdout_val_official_test_no_hidden_val,be75f6f1e9a68411e9014c665ba0201e830c70ee,ed3f3b008f20400b8ff63981e8137feb1321c900d0335acb90cbf23185863515,6dadb85a6235aa6e3fd8a0972f0b1d4c91e1e73462415338d03368a3d344a4d1,8436a602b5dc171b690a2c2a52287a370215c79b837e13faf9a9462e4f647c64,b697d9eb5b619bd68763d89807eca68877085f203b52644a2862f024fce428c6,results/rebuttal/4090_strictv3/signed_random/signed_random_mse_s1_strictv3_train_holdout_val_official_test_no_hidden_val_ed3f3b008f20_be75f6f1_20260726T143912Z
results/rebuttal/4090_strictv3/signed_random/signed_random_mse_s1_strictv3_train_holdout_val_official_test_no_hidden_val_ed3f3b008f20_be75f6f1_20260726T143912Z/config.json,,,,,,,,,,
results/rebuttal/4090_strictv3/signed_random/signed_random_mse_s1_strictv3_train_holdout_val_official_test_no_hidden_val_ed3f3b008f20_be75f6f1_20260726T143912Z/metadata.json,,,,,,,,,,
results/rebuttal/4090_strictv3/signed_random/signed_random_mse_s1_strictv3_train_holdout_val_official_test_no_hidden_val_ed3f3b008f20_be75f6f1_20260726T143912Z/summary.json,signed_random,mse,1,strictv3_train_holdout_val_official_test_no_hidden_val,be75f6f1e9a68411e9014c665ba0201e830c70ee,ed3f3b008f20400b8ff63981e8137feb1321c900d0335acb90cbf23185863515,6dadb85a6235aa6e3fd8a0972f0b1d4c91e1e73462415338d03368a3d344a4d1,8436a602b5dc171b690a2c2a52287a370215c79b837e13faf9a9462e4f647c64,b697d9eb5b619bd68763d89807eca68877085f203b52644a2862f024fce428c6,results/rebuttal/4090_strictv3/signed_random/signed_random_mse_s1_strictv3_train_holdout_val_official_test_no_hidden_val_ed3f3b008f20_be75f6f1_20260726T143912Z
results/rebuttal/4090_strictv3/signed_random/signed_random_mse_s2.json,signed_random,mse,2,strictv3_train_holdout_val_official_test_no_hidden_val,be75f6f1e9a68411e9014c665ba0201e830c70ee,a48a9533815960d2fd5a28a8b40ba74c44b8c9ae633a9e4a4bbe43e6e8638d6e,86744250d7d9b4090800aaddfd9dd826e793a2408a943391e68bdeb3cf59288a,0ad7f78aa7c83b4b0b61b38c11f0994672bb35f8eec1d19e714c6be7daca2e59,c508c3d23993463ef8c11a98d51c0d1185dd53cf3769f253159551374d12ccae,results/rebuttal/4090_strictv3/signed_random/signed_random_mse_s2_strictv3_train_holdout_val_official_test_no_hidden_val_a48a95338159_be75f6f1_20260726T144418Z
results/rebuttal/4090_strictv3/signed_random/signed_random_mse_s2_strictv3_train_holdout_val_official_test_no_hidden_val_a48a95338159_be75f6f1_20260726T144418Z/config.json,,,,,,,,,,
results/rebuttal/4090_strictv3/signed_random/signed_random_mse_s2_strictv3_train_holdout_val_official_test_no_hidden_val_a48a95338159_be75f6f1_20260726T144418Z/metadata.json,,,,,,,,,,
results/rebuttal/4090_strictv3/signed_random/signed_random_mse_s2_strictv3_train_holdout_val_official_test_no_hidden_val_a48a95338159_be75f6f1_20260726T144418Z/summary.json,signed_random,mse,2,strictv3_train_holdout_val_official_test_no_hidden_val,be75f6f1e9a68411e9014c665ba0201e830c70ee,a48a9533815960d2fd5a28a8b40ba74c44b8c9ae633a9e4a4bbe43e6e8638d6e,86744250d7d9b4090800aaddfd9dd826e793a2408a943391e68bdeb3cf59288a,0ad7f78aa7c83b4b0b61b38c11f0994672bb35f8eec1d19e714c6be7daca2e59,c508c3d23993463ef8c11a98d51c0d1185dd53cf3769f253159551374d12ccae,results/rebuttal/4090_strictv3/signed_random/signed_random_mse_s2_strictv3_train_holdout_val_official_test_no_hidden_val_a48a95338159_be75f6f1_20260726T144418Z
