best.epoch,best.epoch_seconds,best.hist_count_mae,best.hist_proportion_mae,best.instance_digit_acc,best.loss,best.peak_cuda_mem_mb,best.train_loss,config.bag_size_mean,config.bag_size_std,config.dataset,config.dataset_root,config.experiment,config.loss,config.seed,config.train_bags,run_dir,source
50,28.870520409196615,0.08297933638095856,0.008326067589223385,0.9707537889480591,1.7801107034683228,1237.5986328125,1.7903978338241577,10,2,MNIST,data,mnist_histogram_llp,ce,0,1000,runs/server4090_histogram_llp/mnist_histogram_llp_ce_n10_train1000_s0/mnist_histogram_llp/ce/MNIST/20260505T073334Z_gpusystem_s0,results/server4090_histogram_llp/mnist_histogram_llp_ce_n10_train1000_s0/mnist_histogram_llp_ce_s0.json
50,47.784314807504416,0.0784318596124649,0.007836050353944302,0.9733641743659973,1.7767568302154542,1237.84326171875,1.7870101928710938,10,2,MNIST,data,mnist_histogram_llp,ce,1,1000,runs/server4090_histogram_llp/mnist_histogram_llp_ce_n10_train1000_s1/mnist_histogram_llp/ce/MNIST/20260505T075641Z_gpusystem_s1,results/server4090_histogram_llp/mnist_histogram_llp_ce_n10_train1000_s1/mnist_histogram_llp_ce_s1.json
50,46.44144392386079,0.07989661395549774,0.00804127473384142,0.9733695387840271,1.7772216138839723,1238.45361328125,1.7871754856109618,10,2,MNIST,data,mnist_histogram_llp,ce,2,1000,runs/server4090_histogram_llp/mnist_histogram_llp_ce_n10_train1000_s2/mnist_histogram_llp/ce/MNIST/20260505T082510Z_gpusystem_s2,results/server4090_histogram_llp/mnist_histogram_llp_ce_n10_train1000_s2/mnist_histogram_llp_ce_s2.json
44,8.002801734954119,0.029404567554593086,0.0028963375370949507,0.9891457557678223,1.7508529291152954,1311.884765625,1.7571110202789306,10,2,MNIST,data,mnist_histogram_llp,ce,0,5000,runs/server4090_histogram_llp/mnist_histogram_llp_ce_n10_train5000_s0/mnist_histogram_llp/ce/MNIST/20260505T082510Z_gpusystem_s0,results/server4090_histogram_llp/mnist_histogram_llp_ce_n10_train5000_s0/mnist_histogram_llp_ce_s0.json
48,83.84904353693128,0.029729077592492104,0.002940395614132285,0.9889436364173889,1.7523906936645508,1311.78564453125,1.7570161155700683,10,2,MNIST,data,mnist_histogram_llp,ce,1,5000,runs/server4090_histogram_llp/mnist_histogram_llp_ce_n10_train5000_s1/mnist_histogram_llp/ce/MNIST/20260505T085800Z_gpusystem_s1,results/server4090_histogram_llp/mnist_histogram_llp_ce_n10_train5000_s1/mnist_histogram_llp_ce_s1.json
42,0.7878600209951401,0.03163572773337364,0.0031502009369432926,0.9889458417892456,1.7521545486450196,1311.78564453125,1.7578257076263428,10,2,MNIST,data,mnist_histogram_llp,ce,2,5000,runs/server4090_histogram_llp/mnist_histogram_llp_ce_n10_train5000_s2/mnist_histogram_llp/ce/MNIST/20260505T100750Z_gpusystem_s2,results/server4090_histogram_llp/mnist_histogram_llp_ce_n10_train5000_s2/mnist_histogram_llp_ce_s2.json
50,2.0039892941713333,0.3848385512828827,0.007872214540839195,0.9614240527153015,2.208138065338135,5998.55078125,2.212633741378784,50,10,MNIST,data,mnist_histogram_llp,ce,0,1000,runs/server4090_histogram_llp/mnist_histogram_llp_ce_n50_train1000_s0/mnist_histogram_llp/ce/MNIST/20260505T104939Z_gpusystem_s0,results/server4090_histogram_llp/mnist_histogram_llp_ce_n50_train1000_s0/mnist_histogram_llp_ce_s0.json
50,3.475551050156355,0.393289178609848,0.008031988516449928,0.9612585306167603,2.208474592208862,5998.55078125,2.212448387145996,50,10,MNIST,data,mnist_histogram_llp,ce,1,1000,runs/server4090_histogram_llp/mnist_histogram_llp_ce_n50_train1000_s1/mnist_histogram_llp/ce/MNIST/20260505T104939Z_gpusystem_s1,results/server4090_histogram_llp/mnist_histogram_llp_ce_n50_train1000_s1/mnist_histogram_llp_ce_s1.json
50,42.82336558774114,0.3485237658023834,0.007129652891308069,0.9693650007247925,2.2070253582000734,5998.55078125,2.2111238746643065,50,10,MNIST,data,mnist_histogram_llp,ce,2,1000,runs/server4090_histogram_llp/mnist_histogram_llp_ce_n50_train1000_s2/mnist_histogram_llp/ce/MNIST/20260505T112849Z_gpusystem_s2,results/server4090_histogram_llp/mnist_histogram_llp_ce_n50_train1000_s2/mnist_histogram_llp_ce_s2.json
46,133.87399626523256,0.1844535917043686,0.003748571267351508,0.9873959422111511,2.202841594696045,6452.484375,2.204293815612793,50,10,MNIST,data,mnist_histogram_llp,ce,0,5000,runs/server4090_histogram_llp/mnist_histogram_llp_ce_n50_train5000_s0/mnist_histogram_llp/ce/MNIST/20260505T120756Z_gpusystem_s0,results/server4090_histogram_llp/mnist_histogram_llp_ce_n50_train5000_s0/mnist_histogram_llp_ce_s0.json
47,137.65744884684682,0.18318325281143188,0.0037103586364537477,0.9881182312965393,2.2028010883331297,6452.484375,2.2040182983398435,50,10,MNIST,data,mnist_histogram_llp,ce,1,5000,runs/server4090_histogram_llp/mnist_histogram_llp_ce_n50_train5000_s1/mnist_histogram_llp/ce/MNIST/20260505T140001Z_gpusystem_s1,results/server4090_histogram_llp/mnist_histogram_llp_ce_n50_train5000_s1/mnist_histogram_llp_ce_s1.json
47,140.1202890649438,0.1839098483324051,0.0037326584570109844,0.9884817004203796,2.2028790321350096,6452.484375,2.2042186336517333,50,10,MNIST,data,mnist_histogram_llp,ce,2,5000,runs/server4090_histogram_llp/mnist_histogram_llp_ce_n50_train5000_s2/mnist_histogram_llp/ce/MNIST/20260505T140001Z_gpusystem_s2,results/server4090_histogram_llp/mnist_histogram_llp_ce_n50_train5000_s2/mnist_histogram_llp_ce_s2.json
50,24.755163971334696,0.08297933638095856,0.008326067589223385,0.9707537889480591,0.04198492628335953,1237.5986328125,0.03004276302456856,10,2,MNIST,data,mnist_histogram_llp,kl,0,1000,runs/server4090_histogram_llp/mnist_histogram_llp_kl_n10_train1000_s0/mnist_histogram_llp/kl/MNIST/20260505T073334Z_gpusystem_s0,results/server4090_histogram_llp/mnist_histogram_llp_kl_n10_train1000_s0/mnist_histogram_llp_kl_s0.json
50,0.27001819387078285,0.0784318596124649,0.007836050353944302,0.9733641743659973,0.03908183631300926,1237.84326171875,0.026913752004504205,10,2,MNIST,data,mnist_histogram_llp,kl,1,1000,runs/server4090_histogram_llp/mnist_histogram_llp_kl_n10_train1000_s1/mnist_histogram_llp/kl/MNIST/20260505T073334Z_gpusystem_s1,results/server4090_histogram_llp/mnist_histogram_llp_kl_n10_train1000_s1/mnist_histogram_llp_kl_s1.json
50,61.083482790738344,0.07989661395549774,0.00804127473384142,0.9733695387840271,0.039483860969543455,1238.45361328125,0.027198200449347495,10,2,MNIST,data,mnist_histogram_llp,kl,2,1000,runs/server4090_histogram_llp/mnist_histogram_llp_kl_n10_train1000_s2/mnist_histogram_llp/kl/MNIST/20260505T075641Z_gpusystem_s2,results/server4090_histogram_llp/mnist_histogram_llp_kl_n10_train1000_s2/mnist_histogram_llp_kl_s2.json
44,0.8209724016487598,0.029404567554593086,0.0028963375370949507,0.9891457557678223,0.012727134369313716,1311.884765625,0.008053705328702927,10,2,MNIST,data,mnist_histogram_llp,kl,0,5000,runs/server4090_histogram_llp/mnist_histogram_llp_kl_n10_train5000_s0/mnist_histogram_llp/kl/MNIST/20260505T082510Z_gpusystem_s0,results/server4090_histogram_llp/mnist_histogram_llp_kl_n10_train5000_s0/mnist_histogram_llp_kl_s0.json
48,81.4868728518486,0.029729077592492104,0.002940395614132285,0.9889436364173889,0.014715731106698514,1311.78564453125,0.007929423266649246,10,2,MNIST,data,mnist_histogram_llp,kl,1,5000,runs/server4090_histogram_llp/mnist_histogram_llp_kl_n10_train5000_s1/mnist_histogram_llp/kl/MNIST/20260505T085800Z_gpusystem_s1,results/server4090_histogram_llp/mnist_histogram_llp_kl_n10_train5000_s1/mnist_histogram_llp_kl_s1.json
42,85.08900132775307,0.03163572773337364,0.0031502009369432926,0.9889458417892456,0.014416809849441051,1311.78564453125,0.008781328684091568,10,2,MNIST,data,mnist_histogram_llp,kl,2,5000,runs/server4090_histogram_llp/mnist_histogram_llp_kl_n10_train5000_s2/mnist_histogram_llp/kl/MNIST/20260505T085800Z_gpusystem_s2,results/server4090_histogram_llp/mnist_histogram_llp_kl_n10_train5000_s2/mnist_histogram_llp_kl_s2.json
50,42.020100217312574,0.3848385512828827,0.007872214540839195,0.9614240527153015,0.007888219237327576,5998.55078125,0.008136696822941302,50,10,MNIST,data,mnist_histogram_llp,kl,0,1000,runs/server4090_histogram_llp/mnist_histogram_llp_kl_n50_train1000_s0/mnist_histogram_llp/kl/MNIST/20260505T100750Z_gpusystem_s0,results/server4090_histogram_llp/mnist_histogram_llp_kl_n50_train1000_s0/mnist_histogram_llp_kl_s0.json
50,0.7804122939705849,0.393289178609848,0.008031988516449928,0.9612585306167603,0.008234779577702285,5998.55078125,0.008153559640049934,50,10,MNIST,data,mnist_histogram_llp,kl,1,1000,runs/server4090_histogram_llp/mnist_histogram_llp_kl_n50_train1000_s1/mnist_histogram_llp/kl/MNIST/20260505T104939Z_gpusystem_s1,results/server4090_histogram_llp/mnist_histogram_llp_kl_n50_train1000_s1/mnist_histogram_llp_kl_s1.json
50,5.5594762191176414,0.3485237658023834,0.007129652891308069,0.9693650007247925,0.006765731003135443,5998.55078125,0.006823856621980667,50,10,MNIST,data,mnist_histogram_llp,kl,2,1000,runs/server4090_histogram_llp/mnist_histogram_llp_kl_n50_train1000_s2/mnist_histogram_llp/kl/MNIST/20260505T112849Z_gpusystem_s2,results/server4090_histogram_llp/mnist_histogram_llp_kl_n50_train1000_s2/mnist_histogram_llp_kl_s2.json
46,1.997507892549038,0.1844535917043686,0.003748571267351508,0.9873959422111511,0.0025917331203818323,6452.484375,0.0024038709715008735,50,10,MNIST,data,mnist_histogram_llp,kl,0,5000,runs/server4090_histogram_llp/mnist_histogram_llp_kl_n50_train5000_s0/mnist_histogram_llp/kl/MNIST/20260505T112849Z_gpusystem_s0,results/server4090_histogram_llp/mnist_histogram_llp_kl_n50_train5000_s0/mnist_histogram_llp_kl_s0.json
47,137.97299326211214,0.18318325281143188,0.0037103586364537477,0.9881182312965393,0.0025613179933279755,6452.484375,0.002128050722181797,50,10,MNIST,data,mnist_histogram_llp,kl,1,5000,runs/server4090_histogram_llp/mnist_histogram_llp_kl_n50_train5000_s1/mnist_histogram_llp/kl/MNIST/20260505T120756Z_gpusystem_s1,results/server4090_histogram_llp/mnist_histogram_llp_kl_n50_train5000_s1/mnist_histogram_llp_kl_s1.json
47,150.20109178870916,0.1839098483324051,0.0037326584570109844,0.9884817004203796,0.0026193872038275004,6452.484375,0.002319907696545124,50,10,MNIST,data,mnist_histogram_llp,kl,2,5000,runs/server4090_histogram_llp/mnist_histogram_llp_kl_n50_train5000_s2/mnist_histogram_llp/kl/MNIST/20260505T140001Z_gpusystem_s2,results/server4090_histogram_llp/mnist_histogram_llp_kl_n50_train5000_s2/mnist_histogram_llp_kl_s2.json
50,0.33493344858288765,0.18089517951011658,0.018375424668192863,0.9533668160438538,0.0008817646433599293,1237.60546875,0.0009036604100838303,10,2,MNIST,data,mnist_histogram_llp,mse,0,1000,runs/server4090_histogram_llp/mnist_histogram_llp_mse_n10_train1000_s0/mnist_histogram_llp/mse/MNIST/20260505T073334Z_gpusystem_s0,results/server4090_histogram_llp/mnist_histogram_llp_mse_n10_train1000_s0/mnist_histogram_llp_mse_s0.json
49,45.44760711118579,0.18435843288898468,0.018778493627905846,0.9522565007209778,0.0009141265898942948,1238.5234375,0.0009013573117554188,10,2,MNIST,data,mnist_histogram_llp,mse,1,1000,runs/server4090_histogram_llp/mnist_histogram_llp_mse_n10_train1000_s1/mnist_histogram_llp/mse/MNIST/20260505T075641Z_gpusystem_s1,results/server4090_histogram_llp/mnist_histogram_llp_mse_n10_train1000_s1/mnist_histogram_llp_mse_s1.json
50,27.64875430241227,0.1790827065706253,0.018235666677355766,0.9586976170539856,0.0008544139708392322,1238.46044921875,0.0008752675950527191,10,2,MNIST,data,mnist_histogram_llp,mse,2,1000,runs/server4090_histogram_llp/mnist_histogram_llp_mse_n10_train1000_s2/mnist_histogram_llp/mse/MNIST/20260505T075641Z_gpusystem_s2,results/server4090_histogram_llp/mnist_histogram_llp_mse_n10_train1000_s2/mnist_histogram_llp_mse_s2.json
43,0.8299944847822189,0.12903062999248505,0.013094869442284107,0.9731658101081848,0.0005197820561006665,1312.4658203125,0.0006340406776405871,10,2,MNIST,data,mnist_histogram_llp,mse,0,5000,runs/server4090_histogram_llp/mnist_histogram_llp_mse_n10_train5000_s0/mnist_histogram_llp/mse/MNIST/20260505T082510Z_gpusystem_s0,results/server4090_histogram_llp/mnist_histogram_llp_mse_n10_train5000_s0/mnist_histogram_llp_mse_s0.json
40,88.87854300811887,0.12872374057769775,0.013062766753137112,0.9748718738555908,0.0005327038546092808,1311.79248046875,0.000631699794717133,10,2,MNIST,data,mnist_histogram_llp,mse,1,5000,runs/server4090_histogram_llp/mnist_histogram_llp_mse_n10_train5000_s1/mnist_histogram_llp/mse/MNIST/20260505T085800Z_gpusystem_s1,results/server4090_histogram_llp/mnist_histogram_llp_mse_n10_train5000_s1/mnist_histogram_llp_mse_s1.json
50,0.7797996625304222,0.12976807355880737,0.013199004344642162,0.9749773740768433,0.000518347695004195,1311.79248046875,0.0005722869683988393,10,2,MNIST,data,mnist_histogram_llp,mse,2,5000,runs/server4090_histogram_llp/mnist_histogram_llp_mse_n10_train5000_s2/mnist_histogram_llp/mse/MNIST/20260505T100750Z_gpusystem_s2,results/server4090_histogram_llp/mnist_histogram_llp_mse_n10_train5000_s2/mnist_histogram_llp_mse_s2.json
6,61.13377804681659,1.6820944547653198,0.03451921418309212,0.11556708067655563,0.0018856598613783717,5998.5576171875,0.001803294437006116,50,10,MNIST,data,mnist_histogram_llp,mse,0,1000,runs/server4090_histogram_llp/mnist_histogram_llp_mse_n50_train1000_s0/mnist_histogram_llp/mse/MNIST/20260505T100750Z_gpusystem_s0,results/server4090_histogram_llp/mnist_histogram_llp_mse_n50_train1000_s0/mnist_histogram_llp_mse_s0.json
7,54.238933365792036,1.6823686361312866,0.03453102707862854,0.11562123149633408,0.0018873789925128222,5998.5576171875,0.0018062723809853195,50,10,MNIST,data,mnist_histogram_llp,mse,1,1000,runs/server4090_histogram_llp/mnist_histogram_llp_mse_n50_train1000_s1/mnist_histogram_llp/mse/MNIST/20260505T104939Z_gpusystem_s1,results/server4090_histogram_llp/mnist_histogram_llp_mse_n50_train1000_s1/mnist_histogram_llp_mse_s1.json
4,58.402685817331076,1.682998538017273,0.03453667461872101,0.1156250610947609,0.0018872090671211482,5998.5576171875,0.0018081402983516454,50,10,MNIST,data,mnist_histogram_llp,mse,2,1000,runs/server4090_histogram_llp/mnist_histogram_llp_mse_n50_train1000_s2/mnist_histogram_llp/mse/MNIST/20260505T112849Z_gpusystem_s2,results/server4090_histogram_llp/mnist_histogram_llp_mse_n50_train1000_s2/mnist_histogram_llp_mse_s2.json
1,132.03181163966656,1.6837248802185059,0.03455042466521263,0.11556708067655563,0.0018888903623446823,6452.4912109375,0.0018763980481773614,50,10,MNIST,data,mnist_histogram_llp,mse,0,5000,runs/server4090_histogram_llp/mnist_histogram_llp_mse_n50_train5000_s0/mnist_histogram_llp/mse/MNIST/20260505T120756Z_gpusystem_s0,results/server4090_histogram_llp/mnist_histogram_llp_mse_n50_train5000_s0/mnist_histogram_llp_mse_s0.json
3,146.64050234481692,1.6837626695632935,0.034553758800029755,0.11562123149633408,0.0018900486510246993,6452.4912109375,0.0018708784526214003,50,10,MNIST,data,mnist_histogram_llp,mse,1,5000,runs/server4090_histogram_llp/mnist_histogram_llp_mse_n50_train5000_s1/mnist_histogram_llp/mse/MNIST/20260505T120756Z_gpusystem_s1,results/server4090_histogram_llp/mnist_histogram_llp_mse_n50_train5000_s1/mnist_histogram_llp_mse_s1.json
5,125.23952676355839,1.6836216449737549,0.03454657271504402,0.1156250610947609,0.0018887427980080248,6452.4912109375,0.00187350688315928,50,10,MNIST,data,mnist_histogram_llp,mse,2,5000,runs/server4090_histogram_llp/mnist_histogram_llp_mse_n50_train5000_s2/mnist_histogram_llp/mse/MNIST/20260505T140001Z_gpusystem_s2,results/server4090_histogram_llp/mnist_histogram_llp_mse_n50_train5000_s2/mnist_histogram_llp_mse_s2.json
